transaction_id,customer_id,branch_id,merchant_id,type_id,amount,timestamp,location_city,fraud_flag,risk_score
38,1001,3,2,4,9402.11,"2024-01-23 01:26:46",Makati,0,4
314,1001,3,5,3,90634.49,"2025-10-02 07:02:06",Makati,0,5
390,1001,3,2,2,3977.64,"2024-09-04 01:26:24","Cebu City",0,4
637,1001,3,3,4,352.86,"2024-02-06 16:11:11",Makati,0,0
703,1001,3,2,3,1544.74,"2024-06-29 08:51:03",Makati,0,0
1020,1001,3,2,3,6274.69,"2024-06-09 16:38:30",Makati,0,0
1530,1001,3,4,1,17826.90,"2025-12-12 19:42:52","Cebu City",0,3
2310,1001,3,5,3,8463.10,"2025-07-11 09:31:02",Makati,0,2
2329,1001,3,2,2,1984.57,"2024-08-29 23:36:09",Makati,0,0
2541,1001,3,3,3,67921.05,"2025-10-19 12:08:37",Makati,0,3
2646,1001,3,3,4,6985.28,"2024-08-30 08:16:20",Makati,0,0
2951,1001,3,5,3,98600.52,"2024-10-11 13:17:55",Makati,1,8
3180,1001,3,2,2,4460.31,"2024-07-20 19:43:15","Cebu City",0,0
3694,1001,3,3,4,7618.11,"2024-11-10 16:24:05",Makati,0,0
3774,1001,3,5,2,1472.18,"2025-09-14 06:12:48","Cebu City",0,2
3847,1001,3,1,4,6556.42,"2025-04-07 17:35:10",Makati,0,0
3947,1001,3,2,4,4395.27,"2024-07-07 18:32:36",Makati,0,0
3998,1001,3,2,2,14958.81,"2025-12-07 12:11:21","Cebu City",1,1
4297,1001,3,2,1,362.47,"2025-03-22 19:14:53",Makati,0,0
4524,1001,3,1,1,1742.21,"2024-11-02 00:01:36","Davao City",0,0
4552,1001,3,3,3,7514.32,"2025-08-10 23:52:55",Makati,0,0
4628,1001,3,3,1,1102.46,"2024-12-15 22:39:25",Makati,0,1
4632,1001,3,4,3,94106.27,"2025-10-14 11:29:12",Makati,0,5
4835,1001,3,2,3,6433.73,"2025-01-30 14:31:20","Quezon City",0,0
4921,1001,3,3,3,49264.72,"2025-10-15 16:45:24","Davao City",0,3
4997,1001,3,3,4,5266.66,"2025-02-28 11:14:52","Quezon City",0,0
5293,1001,3,2,2,4024.47,"2024-08-15 07:08:05","Cebu City",0,0
5334,1001,3,2,3,4434.76,"2024-04-17 21:17:01","Quezon City",0,0
5367,1001,3,1,4,6229.74,"2024-09-28 19:04:58",Makati,0,0
5369,1001,3,2,4,8176.67,"2025-03-22 04:28:07",Makati,0,4
122,1002,4,2,1,8763.50,"2024-03-27 06:38:40","Cebu City",0,0
430,1002,4,1,2,5522.94,"2026-01-11 07:14:21",Makati,0,0
1432,1002,4,2,1,2298.53,"2024-05-17 01:27:18","Davao City",0,4
1446,1002,4,2,1,5128.44,"2025-09-18 08:07:54",Makati,0,0
1816,1002,4,1,4,6363.78,"2024-08-17 10:53:20",Makati,0,0
1907,1002,4,2,1,2750.19,"2024-06-23 18:21:30","Davao City",0,0
2184,1002,4,5,3,6937.05,"2024-08-15 14:47:36",Makati,0,2
2727,1002,4,2,1,4601.16,"2024-09-21 05:45:03","Davao City",0,0
3041,1002,4,2,2,6349.50,"2024-08-14 09:08:10",Makati,0,0
3182,1002,4,2,4,5986.00,"2025-01-13 21:50:42",Makati,0,0
3443,1002,4,3,2,11845.05,"2024-12-06 03:57:34",Makati,0,5
3591,1002,4,2,4,3719.49,"2024-03-12 18:43:54",Makati,0,0
4042,1002,4,1,2,9200.52,"2025-02-08 16:55:32",Makati,0,0
4163,1002,4,1,3,959.91,"2025-02-01 04:21:22","Quezon City",0,4
4354,1002,4,1,1,8366.09,"2024-07-18 14:59:30",Makati,0,0
4375,1002,4,1,2,1261.28,"2024-07-20 03:55:41","Davao City",0,4
4467,1002,4,1,2,4341.02,"2025-03-30 00:36:14",Makati,0,0
4765,1002,4,2,3,6556.97,"2024-06-14 15:40:08",Makati,0,0
5335,1002,4,2,2,4586.06,"2024-05-10 01:10:25",Makati,0,4
5416,1002,4,1,1,7660.40,"2026-01-29 13:38:23","Cebu City",0,0
60,1003,2,3,3,4860.06,"2025-12-28 10:30:42","Quezon City",0,1
140,1003,2,2,4,3365.71,"2025-02-27 18:11:10",Makati,0,0
171,1003,2,2,2,3679.48,"2024-06-03 23:43:40",Makati,0,0
339,1003,2,5,3,99061.36,"2025-10-12 07:19:52",Makati,1,8
444,1003,2,2,4,5976.08,"2025-02-27 03:05:00",Makati,0,4
991,1003,2,2,4,8038.81,"2024-11-30 17:08:37",Makati,0,0
1141,1003,2,3,1,9345.63,"2025-04-20 08:22:49",Makati,0,0
1228,1003,2,2,2,9557.16,"2024-07-11 05:36:41","Cebu City",0,0
1532,1003,2,2,4,5418.09,"2024-03-11 07:14:57",Makati,0,0
1555,1003,2,4,4,2131.12,"2024-01-26 17:30:02",Makati,0,2
1586,1003,2,2,1,3252.73,"2025-01-23 11:54:34",Makati,0,0
2209,1003,2,1,1,1243.75,"2024-05-08 11:02:24",Makati,0,0
2280,1003,2,2,2,7717.01,"2026-01-28 06:24:55","Cebu City",0,0
2371,1003,2,1,3,8240.77,"2024-02-04 17:19:44","Quezon City",0,0
2716,1003,2,2,3,582.15,"2025-04-29 08:28:04",Makati,0,0
2779,1003,2,1,3,6534.57,"2024-09-30 14:36:26","Quezon City",1,0
2875,1003,2,2,3,2336.98,"2024-02-22 06:14:52",Makati,0,0
3544,1003,2,2,4,1748.15,"2025-08-26 03:17:52","Quezon City",0,4
3566,1003,2,2,4,2794.51,"2025-09-19 10:38:00",Makati,0,0
3726,1003,2,1,4,1768.21,"2025-09-23 01:50:14",Makati,0,4
3750,1003,2,1,3,9826.79,"2025-05-07 04:47:16",Makati,0,4
4179,1003,2,2,4,8356.03,"2024-01-16 03:56:02",Makati,0,4
4532,1003,2,4,2,2836.81,"2024-12-20 09:03:33","Cebu City",0,3
4734,1003,2,2,3,714.57,"2025-04-01 21:34:35",Makati,0,0
4753,1003,2,2,3,7457.17,"2025-08-19 05:15:43","Quezon City",0,0
5066,1003,2,2,1,4077.11,"2025-07-04 04:37:51",Makati,0,4
290,1004,2,1,2,4326.59,"2024-02-23 22:45:43","Cebu City",0,0
294,1004,2,1,1,1649.11,"2024-05-13 17:45:35","Cebu City",0,0
471,1004,2,1,1,8797.32,"2025-11-17 09:19:35","Davao City",0,0
628,1004,2,2,3,8080.60,"2024-05-08 15:22:15","Cebu City",0,0
740,1004,2,5,3,70706.66,"2024-10-15 20:17:33",Makati,1,8
797,1004,2,2,4,1384.38,"2025-01-20 21:23:29","Quezon City",0,0
1013,1004,2,3,4,10618.59,"2024-12-14 16:29:59","Quezon City",1,1
1149,1004,2,2,3,4721.79,"2024-07-17 17:16:45",Makati,0,0
1313,1004,2,5,3,52210.41,"2024-10-13 15:24:00","Davao City",0,8
1381,1004,2,2,3,1533.74,"2025-11-15 20:07:21",Makati,0,0
1401,1004,2,2,1,1227.91,"2024-11-01 16:17:19",Makati,0,0
1474,1004,2,2,3,7793.57,"2025-09-23 10:41:47",Makati,0,0
2007,1004,2,1,3,3298.91,"2024-08-27 02:45:35",Makati,0,4
2099,1004,2,2,4,7259.90,"2024-08-14 18:48:30","Quezon City",0,0
2189,1004,2,2,2,912.96,"2024-07-02 21:23:51","Davao City",0,0
2574,1004,2,2,3,8413.65,"2025-06-01 02:48:40",Makati,0,4
2808,1004,2,1,3,8626.93,"2024-06-13 17:28:59","Quezon City",0,0
2863,1004,2,3,2,10538.80,"2024-12-11 06:45:28","Cebu City",0,1
4056,1004,2,2,3,5601.47,"2025-05-07 00:07:37","Quezon City",0,0
4325,1004,2,4,2,3026.47,"2024-08-14 07:19:12",Makati,0,2
4690,1004,2,3,4,12316.64,"2024-12-15 15:38:39","Quezon City",0,1
4838,1004,2,5,3,58786.42,"2025-10-21 02:47:20","Davao City",1,12
4896,1004,2,2,2,1201.79,"2024-06-02 17:56:20","Cebu City",0,0
5135,1004,2,4,3,10785.63,"2025-12-20 15:00:55",Makati,0,3
92,1005,2,2,1,6583.26,"2024-08-19 18:23:24",Makati,0,0
598,1005,2,5,4,9407.99,"2025-11-07 06:00:38",Makati,0,2
755,1005,2,1,1,9895.17,"2024-04-24 03:39:30",Makati,0,4
900,1005,2,1,1,345.51,"2024-01-03 23:11:49","Cebu City",0,0
970,1005,2,2,2,6773.24,"2024-08-23 04:16:01","Cebu City",0,4
1019,1005,2,2,4,7968.18,"2025-06-10 02:17:25",Makati,0,4
1107,1005,2,1,2,7400.07,"2025-06-28 10:58:39",Makati,0,0
1232,1005,2,1,2,8229.92,"2024-12-26 12:04:26",Makati,0,1
1277,1005,2,2,3,4838.15,"2026-02-20 07:19:57","Cebu City",0,0
1487,1005,2,2,2,6474.90,"2026-02-26 03:42:26",Makati,0,4
1715,1005,2,2,4,7372.97,"2024-08-23 11:55:33",Makati,0,0
2123,1005,2,2,3,7277.42,"2025-08-08 10:12:28",Makati,0,0
2180,1005,2,2,1,255.46,"2025-03-02 07:19:29","Davao City",0,0
2211,1005,2,1,4,8827.04,"2025-11-15 05:19:06",Makati,0,0
2245,1005,2,1,4,766.05,"2025-06-26 04:56:02","Quezon City",0,4
2655,1005,2,1,3,6724.92,"2025-02-20 06:54:39","Cebu City",0,0
3483,1005,2,3,2,3769.48,"2025-03-07 07:03:15",Makati,1,0
3610,1005,2,2,3,9511.05,"2024-07-22 07:19:19",Makati,0,0
3946,1005,2,1,1,9715.95,"2025-02-25 09:43:32","Davao City",0,0
4059,1005,2,4,2,3887.29,"2024-08-16 08:03:33",Makati,0,2
4335,1005,2,2,2,3761.44,"2025-08-14 06:24:50",Makati,0,0
4352,1005,2,1,1,547.83,"2024-11-04 16:34:56",Makati,0,0
4609,1005,2,4,1,11045.13,"2024-12-21 15:57:08",Makati,0,3
4992,1005,2,5,2,9649.81,"2025-08-08 23:45:43",Makati,0,2
5016,1005,2,2,1,2457.06,"2025-04-07 19:27:00","Cebu City",1,0
5248,1005,2,2,1,1355.95,"2024-08-01 08:10:15",Makati,0,0
5401,1005,2,2,4,8363.39,"2025-08-21 02:59:05",Makati,0,4
5433,1005,2,1,2,8815.60,"2024-07-08 00:38:03","Cebu City",0,0
5487,1005,2,1,3,5701.11,"2025-11-08 09:15:00",Makati,0,0
1375,1006,3,3,2,6183.14,"2024-12-11 15:52:27","Davao City",0,1
1397,1006,3,1,1,5576.80,"2025-11-20 03:23:28",Makati,1,4
1702,1006,3,1,1,584.83,"2025-08-06 17:21:52","Davao City",0,0
1747,1006,3,2,3,4966.54,"2024-01-01 11:14:50",Makati,0,0
1781,1006,3,4,1,7606.94,"2025-09-15 23:07:48",Makati,1,2
1904,1006,3,1,1,5464.84,"2024-07-16 07:08:12",Makati,0,0
2034,1006,3,2,2,4121.41,"2025-08-22 03:57:42","Cebu City",0,4
2115,1006,3,5,3,71539.51,"2024-10-14 19:50:47","Davao City",0,8
2198,1006,3,2,2,2386.70,"2025-01-05 03:03:51",Makati,0,4
2478,1006,3,1,4,2430.33,"2024-06-29 06:56:52","Quezon City",0,0
2518,1006,3,2,4,8491.39,"2025-08-12 22:22:30",Makati,0,0
2643,1006,3,2,2,8639.64,"2024-08-15 10:17:34","Davao City",0,0
3065,1006,3,1,3,6313.41,"2025-04-30 23:03:31",Makati,0,0
3080,1006,3,1,3,6649.57,"2024-08-21 02:24:15",Makati,0,4
3300,1006,3,1,4,3129.47,"2025-07-11 13:46:56",Makati,0,0
3837,1006,3,2,3,5511.50,"2024-03-15 08:39:14",Makati,0,0
3929,1006,3,5,3,96349.73,"2025-10-03 08:50:13","Quezon City",0,8
3967,1006,3,1,2,3699.03,"2024-02-09 01:47:50",Makati,0,4
4062,1006,3,1,3,41364.35,"2024-10-26 09:33:45",Makati,0,0
4132,1006,3,2,4,8922.09,"2024-11-04 02:25:12","Quezon City",0,4
5008,1006,3,2,4,4508.23,"2024-02-28 21:01:15","Quezon City",0,0
5272,1006,3,4,3,49834.60,"2025-10-10 21:44:33","Davao City",0,5
5468,1006,3,2,1,7304.63,"2025-07-02 08:43:26","Davao City",0,0
7,1007,4,3,1,6877.98,"2024-12-06 00:10:48",Makati,0,1
15,1007,4,2,4,2213.15,"2024-02-26 14:06:39",Makati,0,0
21,1007,4,1,1,15423.85,"2024-12-26 02:47:35",Makati,0,5
37,1007,4,2,4,795.18,"2024-03-24 20:39:20",Makati,0,0
280,1007,4,2,2,2096.16,"2025-01-31 00:30:05","Cebu City",0,0
589,1007,4,1,2,1751.36,"2025-11-19 20:02:35",Makati,0,0
836,1007,4,1,3,7080.88,"2024-06-11 08:03:41","Cebu City",0,0
946,1007,4,2,2,5011.24,"2024-07-01 01:14:01","Cebu City",0,4
964,1007,4,1,1,4768.09,"2024-07-14 05:00:03",Makati,0,0
1106,1007,4,4,4,13878.02,"2025-12-23 05:31:48",Makati,0,3
1198,1007,4,1,3,4677.03,"2024-01-17 10:39:36","Quezon City",0,0
1262,1007,4,3,3,72905.82,"2024-10-15 23:30:43","Cebu City",0,6
1458,1007,4,2,1,8076.03,"2025-04-02 16:51:04",Makati,0,0
1557,1007,4,1,4,7016.07,"2024-09-14 14:30:17",Makati,0,0
1787,1007,4,1,3,4279.81,"2024-06-02 13:52:23","Quezon City",0,0
1876,1007,4,2,3,9411.20,"2025-07-02 04:20:27","Davao City",0,4
2065,1007,4,3,2,721.39,"2024-11-24 13:43:36",Makati,0,0
2307,1007,4,2,4,2670.37,"2024-05-02 09:46:42",Makati,0,0
2387,1007,4,1,3,5578.84,"2024-03-09 01:51:04",Makati,0,4
2511,1007,4,1,1,5541.84,"2024-05-26 02:22:23",Makati,0,4
2897,1007,4,2,1,1257.55,"2025-08-14 12:54:39","Quezon City",0,0
2993,1007,4,2,3,3145.55,"2024-07-14 19:22:22","Quezon City",0,0
3030,1007,4,1,3,4180.26,"2025-06-07 01:54:20",Makati,0,4
3159,1007,4,2,1,5679.94,"2024-01-21 18:43:34","Cebu City",0,0
3627,1007,4,1,1,8127.13,"2024-05-25 17:12:27","Cebu City",0,0
3647,1007,4,5,1,818.75,"2025-06-07 07:44:35",Makati,0,2
3676,1007,4,2,4,482.52,"2024-08-01 14:05:25",Makati,0,0
3893,1007,4,1,1,3641.34,"2025-06-18 20:35:28","Cebu City",0,0
3937,1007,4,2,2,3069.87,"2025-08-15 11:36:03",Makati,0,0
4136,1007,4,2,1,746.78,"2024-03-04 03:52:24",Makati,0,4
4211,1007,4,2,1,8700.05,"2025-09-07 15:55:38","Davao City",0,0
4217,1007,4,1,4,3706.41,"2024-01-14 19:34:28",Makati,0,0
4450,1007,4,2,4,7360.27,"2024-05-24 11:20:38",Makati,0,0
4553,1007,4,3,2,10620.16,"2024-12-09 22:36:52","Cebu City",1,1
4808,1007,4,1,3,3314.53,"2024-09-19 14:17:48",Makati,0,0
5338,1007,4,2,4,4735.66,"2026-02-11 08:08:14",Makati,0,0
109,1008,5,5,3,5800.51,"2024-11-09 23:16:15","Cebu City",0,2
463,1008,5,1,4,1306.11,"2025-01-08 14:53:54",Makati,0,0
496,1008,5,1,4,1957.10,"2026-01-28 19:12:14","Quezon City",0,0
844,1008,5,2,2,3613.93,"2024-05-10 22:35:59","Cebu City",0,0
870,1008,5,2,2,8433.49,"2025-11-24 00:15:39","Davao City",0,0
1376,1008,5,1,3,6208.90,"2026-01-06 08:46:00","Cebu City",0,0
1416,1008,5,1,2,9106.25,"2025-08-10 07:14:10","Cebu City",0,0
1542,1008,5,1,3,7584.53,"2024-01-01 00:43:06","Cebu City",0,0
1576,1008,5,2,2,2050.15,"2025-11-27 15:03:46","Cebu City",0,0
1612,1008,5,2,4,7372.46,"2024-11-06 16:51:04",Makati,0,0
1633,1008,5,4,1,6814.57,"2025-11-21 16:55:49",Makati,0,2
1670,1008,5,1,1,8314.56,"2025-09-08 00:30:50","Cebu City",0,0
1684,1008,5,4,4,17186.49,"2024-12-16 18:32:36","Quezon City",0,3
1748,1008,5,5,3,70744.46,"2025-10-08 00:25:54","Davao City",0,5
1960,1008,5,1,2,7486.43,"2024-11-08 13:51:57","Davao City",0,0
2024,1008,5,2,1,192.02,"2025-08-20 21:27:58",Makati,0,0
2398,1008,5,1,3,8005.43,"2025-01-10 09:32:20","Davao City",0,0
2693,1008,5,1,1,369.10,"2025-06-21 12:39:46",Makati,0,0
2742,1008,5,2,1,2598.70,"2024-11-30 00:54:32",Makati,0,0
2811,1008,5,3,3,58124.29,"2024-10-23 01:57:33","Cebu City",0,7
2825,1008,5,1,3,314.40,"2025-01-04 00:21:50","Davao City",0,0
2929,1008,5,1,2,6909.56,"2025-11-10 09:03:47",Makati,0,0
2988,1008,5,1,3,4004.98,"2024-07-29 04:05:51",Makati,0,4
3181,1008,5,2,3,6361.73,"2025-01-22 23:14:22",Makati,0,0
3836,1008,5,1,2,2947.43,"2024-08-23 01:50:27",Makati,0,4
3885,1008,5,5,3,718.16,"2026-02-15 16:16:00",Makati,0,2
4008,1008,5,3,1,7481.37,"2025-07-25 17:47:03","Cebu City",0,0
4425,1008,5,3,3,7775.95,"2025-08-13 19:20:01","Davao City",0,0
4468,1008,5,5,3,41484.05,"2024-10-04 12:47:39","Quezon City",1,2
4741,1008,5,2,4,5732.13,"2024-11-26 15:00:09",Makati,0,0
4774,1008,5,3,1,18922.51,"2025-12-27 04:19:28",Makati,0,5
5173,1008,5,2,3,2886.71,"2025-03-24 06:55:15","Quezon City",0,0
5268,1008,5,4,1,14383.22,"2025-12-06 16:23:11",Makati,0,3
5405,1008,5,1,3,4157.07,"2025-08-14 12:31:48","Cebu City",0,0
3,1009,5,4,4,7913.75,"2024-04-01 13:23:21",Makati,0,2
533,1009,5,2,1,5380.64,"2024-11-18 00:07:58","Cebu City",0,0
1071,1009,5,2,2,9594.45,"2024-04-30 12:48:12","Davao City",0,0
1127,1009,5,4,3,8839.02,"2025-11-16 14:22:56","Cebu City",0,2
1163,1009,5,2,3,6928.26,"2025-09-23 07:24:51",Makati,0,0
1324,1009,5,2,3,7873.47,"2024-03-27 09:52:56","Cebu City",0,0
1331,1009,5,2,3,1002.40,"2025-07-07 06:52:08","Cebu City",0,0
1371,1009,5,2,1,7435.48,"2025-07-30 04:09:07",Makati,0,4
1480,1009,5,3,3,45601.23,"2024-10-28 22:35:03",Makati,0,0
1720,1009,5,1,2,3091.03,"2025-06-06 03:38:16","Cebu City",0,4
1923,1009,5,2,3,1597.76,"2024-11-04 23:36:26","Davao City",0,0
1986,1009,5,1,3,5589.79,"2025-04-10 05:19:02",Makati,0,0
2018,1009,5,4,2,2479.72,"2024-07-31 22:33:03","Davao City",0,2
2046,1009,5,1,2,8120.91,"2024-04-24 16:04:25","Davao City",0,0
2661,1009,5,5,3,42210.08,"2024-10-31 11:14:40","Quezon City",1,2
3371,1009,5,2,4,3340.74,"2024-02-10 18:20:12","Quezon City",0,0
3480,1009,5,1,4,5584.76,"2025-01-06 20:56:13",Makati,0,0
3563,1009,5,5,3,88297.56,"2024-10-12 09:33:29",Makati,1,8
3752,1009,5,1,4,4531.76,"2024-09-21 14:42:28",Makati,0,0
4012,1009,5,2,3,6143.41,"2025-04-15 13:04:39","Davao City",0,0
4337,1009,5,2,1,3065.64,"2025-11-17 03:21:52",Makati,0,4
4630,1009,5,1,3,3178.74,"2025-09-05 07:27:16","Cebu City",0,0
4680,1009,5,1,4,9722.32,"2025-08-21 19:21:17",Makati,0,0
4776,1009,5,3,1,8792.66,"2024-04-04 00:12:34","Cebu City",0,0
4963,1009,5,1,1,9163.89,"2026-02-26 23:16:51","Quezon City",0,0
110,1010,4,1,1,3889.99,"2024-05-06 11:11:31",Makati,0,0
209,1010,4,1,2,5085.98,"2025-04-16 01:44:27",Makati,0,4
239,1010,4,1,3,4863.55,"2024-01-13 20:14:13","Davao City",0,0
465,1010,4,1,1,1432.54,"2025-01-05 21:53:34","Quezon City",0,0
698,1010,4,1,3,5831.38,"2025-01-30 14:54:12","Cebu City",0,0
715,1010,4,3,3,11012.44,"2024-12-04 22:35:27",Makati,0,1
1011,1010,4,1,2,8026.19,"2025-06-29 11:31:28","Cebu City",0,0
1365,1010,4,2,2,8478.98,"2024-06-27 11:09:57","Davao City",0,0
1428,1010,4,1,2,5123.10,"2025-01-21 02:21:10","Cebu City",0,4
2359,1010,4,1,2,5982.44,"2025-05-24 08:34:57",Makati,0,0
3237,1010,4,3,3,15755.37,"2024-12-13 14:11:29","Davao City",0,1
3352,1010,4,3,4,16892.55,"2025-12-20 05:34:37","Quezon City",0,1
3556,1010,4,2,4,4417.61,"2026-01-30 04:32:15","Quezon City",0,4
3569,1010,4,1,3,7665.08,"2025-07-20 22:04:59",Makati,0,0
3641,1010,4,2,4,9719.90,"2024-07-02 01:18:48","Quezon City",0,4
3922,1010,4,1,3,4353.76,"2024-06-26 03:12:15",Makati,0,4
4092,1010,4,2,1,9395.72,"2025-05-14 23:13:08",Makati,0,0
4246,1010,4,4,3,13245.47,"2025-12-21 03:20:46",Makati,1,7
4307,1010,4,5,4,6124.05,"2024-01-08 00:08:34",Makati,0,2
4620,1010,4,3,1,9597.01,"2024-12-09 17:55:35","Quezon City",0,1
4878,1010,4,2,2,2470.15,"2025-02-07 07:22:39",Makati,0,0
4994,1010,4,2,4,6730.31,"2024-11-11 11:53:36","Quezon City",1,0
5010,1010,4,2,1,3882.37,"2025-08-27 00:26:47",Makati,0,0
5192,1010,4,2,4,15003.80,"2025-12-22 07:41:37",Makati,1,1
5339,1010,4,1,4,4263.47,"2024-05-28 12:09:15",Makati,0,0
69,1011,3,1,4,6385.49,"2024-03-16 16:03:09",Makati,0,0
157,1011,3,5,3,79015.95,"2024-10-09 01:32:16","Cebu City",1,9
492,1011,3,2,2,2735.23,"2025-03-11 23:07:19","Davao City",0,0
494,1011,3,2,2,6294.07,"2026-01-13 08:31:55",Makati,0,0
737,1011,3,1,1,3289.73,"2024-04-02 20:47:23","Quezon City",0,0
1176,1011,3,5,3,84004.03,"2024-10-27 21:14:57","Cebu City",1,8
1352,1011,3,2,3,7600.01,"2025-01-30 18:28:51",Makati,0,0
1438,1011,3,1,3,5995.69,"2024-01-28 07:09:24",Makati,0,0
1662,1011,3,1,2,4084.14,"2025-11-16 08:28:57","Davao City",0,0
2256,1011,3,2,3,8892.13,"2025-08-31 09:45:19",Makati,0,0
2864,1011,3,2,3,5265.10,"2024-05-19 23:33:18",Makati,0,0
3104,1011,3,3,3,79520.83,"2024-10-22 00:42:04","Davao City",0,3
3393,1011,3,2,2,1208.38,"2025-09-13 23:51:07","Davao City",0,0
3822,1011,3,2,3,91313.22,"2024-10-13 23:02:35","Quezon City",0,3
3869,1011,3,5,3,90475.29,"2025-10-17 14:56:52","Quezon City",1,5
4401,1011,3,1,1,7762.42,"2024-09-21 21:55:00","Cebu City",0,0
4642,1011,3,2,2,2745.11,"2024-09-19 05:28:00",Makati,0,0
4849,1011,3,3,3,12405.58,"2024-12-20 10:33:49","Cebu City",0,1
4991,1011,3,2,4,5008.34,"2025-05-08 14:06:51",Makati,0,0
5129,1011,3,2,1,7805.60,"2024-07-26 16:22:41","Cebu City",0,0
300,1012,1,2,1,6753.65,"2026-01-29 14:08:26","Quezon City",0,0
707,1012,1,2,1,6168.56,"2024-09-07 20:22:36","Quezon City",0,0
969,1012,1,2,3,3240.64,"2026-02-21 10:48:53","Cebu City",0,0
1004,1012,1,1,1,7917.72,"2026-01-15 19:43:31",Makati,0,0
1209,1012,1,3,4,1796.67,"2025-12-01 03:12:02","Quezon City",0,5
1535,1012,1,2,1,8445.15,"2026-01-13 10:24:53",Makati,0,0
2772,1012,1,2,4,9660.64,"2024-09-29 01:21:40",Makati,0,4
3029,1012,1,2,2,1184.39,"2024-09-05 02:30:46",Makati,0,4
3039,1012,1,1,4,6602.07,"2025-04-21 12:35:23","Quezon City",0,0
3048,1012,1,1,2,3515.53,"2025-02-05 10:10:27","Cebu City",0,0
3055,1012,1,1,4,1781.94,"2025-11-02 18:36:38",Makati,0,0
3106,1012,1,1,4,5560.20,"2025-03-14 14:05:03",Makati,0,0
3202,1012,1,2,4,2900.10,"2024-09-13 20:39:45",Makati,0,0
3298,1012,1,1,2,2279.12,"2024-03-02 19:42:07","Cebu City",0,0
4044,1012,1,1,3,1175.07,"2026-02-07 08:07:32","Cebu City",0,0
4047,1012,1,2,2,2306.94,"2024-09-16 19:24:22",Makati,0,0
4624,1012,1,2,3,2301.69,"2024-11-13 08:21:35","Cebu City",0,0
4789,1012,1,1,3,9557.87,"2025-07-28 10:27:16","Cebu City",0,0
5174,1012,1,4,1,7700.31,"2024-05-21 13:46:58",Makati,0,2
5195,1012,1,2,2,2686.59,"2025-07-29 08:06:47","Davao City",0,0
5236,1012,1,2,3,7129.34,"2026-01-04 20:17:11","Cebu City",0,0
5241,1012,1,2,1,8712.61,"2025-07-20 04:23:13","Cebu City",0,4
5284,1012,1,1,4,7431.30,"2024-07-08 10:49:47",Makati,0,0
829,1013,3,1,3,9393.38,"2025-03-05 04:43:08","Cebu City",0,4
926,1013,3,2,2,2768.19,"2026-01-03 16:34:27","Cebu City",0,0
1143,1013,3,1,3,5512.58,"2025-11-24 12:48:29","Davao City",0,0
1478,1013,3,1,3,200.94,"2024-05-02 13:38:21",Makati,0,0
1589,1013,3,4,4,2383.20,"2024-11-07 03:40:34",Makati,0,6
1875,1013,3,2,3,3796.26,"2025-04-09 18:04:44",Makati,0,0
2237,1013,3,1,1,3147.61,"2024-02-20 09:01:12",Makati,0,0
2240,1013,3,3,2,9865.31,"2025-12-08 02:51:37","Davao City",0,5
2271,1013,3,1,2,1828.58,"2024-02-24 14:33:45","Davao City",0,0
2739,1013,3,1,4,5918.59,"2025-05-20 16:11:27","Quezon City",0,0
2832,1013,3,3,3,9476.60,"2024-09-09 10:39:22",Makati,0,0
2999,1013,3,1,3,4887.03,"2024-01-23 15:57:05","Davao City",0,0
3026,1013,3,1,1,8475.36,"2024-06-11 06:20:12","Quezon City",0,0
3097,1013,3,2,4,8784.68,"2024-07-13 15:09:00",Makati,0,0
3118,1013,3,5,3,47692.02,"2024-10-04 03:43:02","Quezon City",1,6
3132,1013,3,2,3,4664.60,"2025-02-07 00:40:03","Davao City",0,0
3170,1013,3,4,4,5818.98,"2024-11-04 20:43:21",Makati,0,2
3219,1013,3,5,1,8442.83,"2025-02-10 17:29:37",Makati,0,2
3763,1013,3,5,2,1851.91,"2024-05-11 09:23:15",Makati,0,2
3796,1013,3,2,4,7806.41,"2024-04-26 09:46:12",Makati,0,0
4369,1013,3,2,4,2662.67,"2024-08-28 14:31:28",Makati,0,0
4603,1013,3,2,4,8430.51,"2024-11-03 11:48:38",Makati,0,0
4706,1013,3,2,3,49864.26,"2024-10-27 15:56:18",Makati,0,3
4790,1013,3,5,2,2959.03,"2024-02-06 00:52:10",Makati,1,2
4924,1013,3,1,4,5078.98,"2024-08-25 18:42:08",Makati,0,0
5101,1013,3,2,2,8533.92,"2025-01-23 09:01:55",Makati,0,0
5396,1013,3,2,3,3668.48,"2025-03-22 12:16:12","Davao City",0,0
5418,1013,3,2,4,8375.83,"2024-03-19 10:20:06","Cebu City",0,0
58,1014,2,3,4,5667.49,"2024-03-04 20:43:20","Cebu City",0,0
357,1014,2,2,2,2938.27,"2024-03-23 11:19:47","Davao City",0,0
434,1014,2,2,3,1882.88,"2026-02-15 13:31:07","Davao City",0,0
1104,1014,2,2,2,1937.91,"2026-01-07 14:06:26",Makati,0,0
1280,1014,2,2,4,9414.65,"2025-01-10 16:23:40","Cebu City",0,0
1625,1014,2,1,4,5844.00,"2024-01-01 15:48:46",Makati,0,0
1656,1014,2,4,2,1384.57,"2024-02-12 23:22:47",Makati,0,2
2039,1014,2,2,3,2454.01,"2025-01-15 06:29:26","Cebu City",0,0
2055,1014,2,2,1,1647.70,"2024-07-07 16:30:39",Makati,0,0
2268,1014,2,2,1,7431.38,"2026-02-27 22:10:37",Makati,0,0
2401,1014,2,2,4,8778.42,"2024-06-06 02:29:40","Cebu City",0,4
2532,1014,2,2,4,8517.42,"2024-12-05 13:02:08",Makati,0,1
2599,1014,2,3,2,3847.70,"2025-12-25 11:35:21","Davao City",1,1
2711,1014,2,2,3,8168.53,"2025-11-21 03:21:58","Davao City",0,4
2775,1014,2,2,2,1670.14,"2025-11-22 01:55:12",Makati,0,4
3092,1014,2,3,1,3438.87,"2025-12-29 00:07:54",Makati,0,1
3191,1014,2,1,1,397.84,"2024-04-17 23:36:58",Makati,0,0
3197,1014,2,2,3,9592.01,"2026-01-04 04:14:31","Davao City",0,4
3267,1014,2,2,1,7277.15,"2024-06-15 14:06:52",Makati,0,0
3448,1014,2,4,3,3648.61,"2025-08-09 09:47:23","Davao City",0,2
3729,1014,2,3,2,1829.77,"2025-09-26 05:13:28","Davao City",0,0
3759,1014,2,2,4,7816.21,"2024-08-29 21:12:38","Quezon City",0,0
3879,1014,2,1,1,1873.05,"2024-04-02 17:17:11",Makati,0,0
3907,1014,2,3,3,6916.19,"2025-12-01 01:40:28","Cebu City",0,5
3970,1014,2,1,4,9070.52,"2024-12-09 19:35:03",Makati,0,1
3999,1014,2,2,4,8361.54,"2025-09-28 23:39:00","Cebu City",1,0
4225,1014,2,1,3,3366.67,"2024-04-06 04:59:24","Cebu City",0,4
4447,1014,2,1,2,8509.15,"2025-07-09 14:59:30","Davao City",0,0
4474,1014,2,2,1,9689.26,"2024-09-19 01:47:04",Makati,0,4
4605,1014,2,3,3,6675.71,"2024-12-19 10:42:43",Makati,0,1
4652,1014,2,2,3,9567.17,"2025-08-31 20:47:00",Makati,0,0
4914,1014,2,2,3,9802.44,"2025-02-23 12:08:41","Cebu City",0,0
5450,1014,2,1,1,6282.24,"2026-01-23 08:03:48",Makati,0,0
262,1015,4,1,2,16350.31,"2024-12-11 06:24:53",Makati,0,1
517,1015,4,5,3,61715.34,"2025-10-15 19:15:06",Makati,0,8
781,1015,4,1,2,7503.21,"2024-05-22 18:28:49","Cebu City",0,0
793,1015,4,1,4,5515.80,"2025-08-10 08:17:34","Cebu City",0,0
1146,1015,4,1,2,6474.67,"2024-11-14 04:16:59","Davao City",0,4
1204,1015,4,4,1,2287.04,"2024-08-01 22:38:19",Makati,0,2
1345,1015,4,2,3,4848.76,"2024-09-24 18:01:11","Cebu City",0,0
1512,1015,4,1,2,1435.56,"2025-02-26 15:09:50",Makati,0,0
1790,1015,4,1,1,20084.76,"2025-12-10 13:04:36",Makati,0,1
1957,1015,4,5,3,90954.67,"2025-10-21 21:16:33",Makati,1,5
2105,1015,4,2,3,3601.25,"2025-06-20 06:13:19",Makati,0,0
2106,1015,4,3,1,1851.19,"2025-08-07 04:54:06","Quezon City",0,4
2419,1015,4,1,2,6571.14,"2025-04-03 09:19:04","Cebu City",0,0
2426,1015,4,1,2,13066.09,"2024-12-07 13:33:56",Makati,1,1
2527,1015,4,2,2,638.28,"2026-02-15 20:46:14",Makati,0,0
2956,1015,4,1,3,1037.56,"2024-08-04 04:37:31",Makati,0,4
2981,1015,4,3,4,373.36,"2024-05-18 05:39:06","Quezon City",0,0
3187,1015,4,1,4,265.69,"2024-01-18 01:01:28","Cebu City",0,4
3380,1015,4,1,3,57336.56,"2024-10-16 00:49:02",Makati,0,3
3454,1015,4,1,3,3839.34,"2026-02-26 08:24:46","Cebu City",0,0
3555,1015,4,1,4,3427.16,"2024-05-30 09:24:31","Quezon City",0,0
3632,1015,4,1,2,8047.44,"2024-06-02 01:40:43",Makati,0,4
3771,1015,4,3,2,10540.18,"2024-12-04 15:48:43",Makati,0,1
3931,1015,4,1,4,8765.93,"2025-02-01 12:12:47","Cebu City",0,0
4355,1015,4,1,4,5848.02,"2025-05-27 05:36:31",Makati,0,0
4384,1015,4,1,1,9532.14,"2024-03-20 23:27:39",Makati,0,0
4498,1015,4,3,2,18175.52,"2024-12-12 16:46:25",Makati,0,1
4588,1015,4,1,4,5811.44,"2025-03-05 10:35:39",Makati,0,0
4868,1015,4,2,4,4715.81,"2025-11-06 14:41:21","Quezon City",0,0
4948,1015,4,2,2,465.14,"2025-04-11 20:27:32",Makati,0,0
5086,1015,4,2,3,3798.59,"2025-01-06 09:58:30","Davao City",0,0
5133,1015,4,1,1,2460.90,"2024-08-13 09:45:14",Makati,0,0
5197,1015,4,2,2,2909.60,"2026-02-21 10:06:26",Makati,0,0
5459,1015,4,2,2,5416.06,"2024-03-01 09:47:34","Cebu City",0,0
5497,1015,4,2,3,1384.81,"2024-04-21 06:23:45","Davao City",0,0
257,1016,3,2,2,2191.70,"2025-04-07 07:46:59",Makati,0,0
322,1016,3,2,2,5281.55,"2025-01-28 02:29:17",Makati,0,4
349,1016,3,1,3,7032.00,"2026-01-19 03:11:17",Makati,0,4
1093,1016,3,2,1,1359.08,"2024-07-22 17:14:35",Makati,0,0
1156,1016,3,4,3,72743.69,"2024-10-11 21:16:09",Makati,0,5
1177,1016,3,2,3,6867.28,"2024-05-11 10:13:16",Makati,0,0
2006,1016,3,5,3,53563.52,"2024-10-21 04:09:00",Makati,1,12
2108,1016,3,1,1,6425.61,"2025-02-12 00:45:55","Quezon City",0,0
2244,1016,3,1,2,1648.12,"2025-03-26 09:56:05","Davao City",0,0
2373,1016,3,4,3,652.72,"2025-11-14 12:02:18",Makati,0,2
2427,1016,3,2,3,8475.94,"2024-07-18 05:32:36","Davao City",0,0
2633,1016,3,1,3,3690.12,"2024-06-07 21:42:27","Davao City",0,0
3200,1016,3,4,4,8122.61,"2025-02-27 07:27:33",Makati,0,2
3283,1016,3,2,2,5395.50,"2025-01-24 09:29:07",Makati,0,0
3287,1016,3,5,4,9468.64,"2025-01-13 20:46:37","Cebu City",0,2
3379,1016,3,4,3,69454.85,"2024-10-25 08:45:37","Cebu City",0,5
4258,1016,3,2,1,8945.75,"2025-01-11 12:49:15",Makati,0,0
4535,1016,3,1,2,6332.41,"2025-12-01 13:32:44","Cebu City",0,1
4554,1016,3,2,4,8873.94,"2026-01-30 18:02:48","Davao City",0,0
4578,1016,3,2,2,458.94,"2024-03-20 17:18:49","Cebu City",0,0
5048,1016,3,1,1,8057.19,"2024-01-20 05:59:03","Quezon City",0,0
5368,1016,3,1,2,3815.84,"2025-05-17 19:14:16",Makati,0,0
615,1017,1,1,3,1261.33,"2024-01-29 17:56:15","Cebu City",0,0
855,1017,1,2,3,5504.13,"2025-01-29 09:10:44","Cebu City",0,0
1063,1017,1,2,4,8970.67,"2024-07-09 10:34:23",Makati,0,0
1083,1017,1,2,1,9764.31,"2026-01-10 19:17:52",Makati,0,0
1274,1017,1,2,4,10038.23,"2025-05-13 19:13:49","Cebu City",0,0
1492,1017,1,2,3,55974.44,"2024-10-11 22:44:27","Quezon City",0,3
1694,1017,1,3,2,4480.11,"2026-02-03 16:15:55","Cebu City",0,0
2010,1017,1,3,1,7456.71,"2024-04-03 10:50:35","Quezon City",0,0
2272,1017,1,1,3,3382.65,"2025-07-21 17:23:52",Makati,0,0
2321,1017,1,2,3,4821.86,"2024-07-21 02:16:48",Makati,0,4
2415,1017,1,2,3,16194.45,"2024-12-19 23:52:24","Cebu City",0,1
2565,1017,1,3,3,19269.74,"2024-12-30 09:26:34","Cebu City",0,1
2602,1017,1,2,3,4972.10,"2024-09-27 01:41:49",Makati,0,4
2609,1017,1,2,2,993.93,"2025-05-29 20:37:41",Makati,0,0
2670,1017,1,3,2,7164.68,"2025-06-30 01:35:18",Makati,0,4
2839,1017,1,1,4,6185.71,"2024-01-21 08:44:37","Cebu City",0,0
2879,1017,1,1,3,3644.78,"2024-09-11 01:10:08",Makati,0,4
3231,1017,1,1,1,2420.65,"2024-05-16 19:01:01","Quezon City",0,0
3268,1017,1,5,3,72601.04,"2024-10-29 12:55:52",Makati,1,5
3701,1017,1,1,2,1661.35,"2025-11-19 01:45:37","Cebu City",0,4
3722,1017,1,2,1,727.87,"2024-08-21 12:34:50",Makati,0,0
3764,1017,1,3,3,3320.79,"2025-11-05 22:29:48","Cebu City",0,0
3852,1017,1,1,4,3119.51,"2026-01-11 18:29:12","Quezon City",0,0
3945,1017,1,1,1,6866.24,"2024-08-01 01:00:42",Makati,0,4
4010,1017,1,5,3,69211.09,"2024-10-30 07:07:58","Cebu City",1,5
4257,1017,1,2,3,45040.54,"2024-10-14 10:55:33",Makati,0,0
4664,1017,1,2,4,5943.74,"2025-04-30 19:24:38",Makati,0,0
4736,1017,1,2,1,3000.90,"2024-03-26 20:19:51","Quezon City",0,0
5051,1017,1,2,3,4342.39,"2025-01-25 20:39:00","Cebu City",0,0
5270,1017,1,2,3,4680.41,"2024-06-19 14:49:52","Cebu City",0,0
5397,1017,1,2,1,1900.94,"2025-02-03 05:39:45",Makati,0,0
5414,1017,1,2,1,1628.23,"2025-11-20 14:07:00","Quezon City",0,0
5424,1017,1,4,2,8712.79,"2024-09-21 12:39:59","Davao City",0,2
192,1018,3,1,3,8979.29,"2024-03-22 07:51:40","Cebu City",0,0
1216,1018,3,3,2,8196.96,"2024-12-19 13:07:30",Makati,0,1
1685,1018,3,1,1,4021.88,"2024-05-18 05:59:31",Makati,0,0
1825,1018,3,2,2,8930.20,"2024-04-07 08:39:30",Makati,0,0
1883,1018,3,1,1,8041.40,"2025-01-23 23:24:10",Makati,0,0
2357,1018,3,1,2,6184.12,"2025-11-17 11:27:31",Makati,0,0
2829,1018,3,1,2,3405.56,"2025-06-11 09:21:17","Quezon City",0,0
3497,1018,3,2,4,2852.50,"2024-11-20 06:44:00","Cebu City",0,0
3506,1018,3,1,2,3205.89,"2025-04-25 20:03:18",Makati,0,0
3811,1018,3,3,3,6471.21,"2025-12-11 01:42:21","Cebu City",0,5
3941,1018,3,1,4,7391.73,"2024-04-18 04:49:15",Makati,0,4
4190,1018,3,1,4,3801.68,"2024-04-12 22:03:17","Cebu City",0,0
4250,1018,3,1,4,2432.13,"2024-09-20 01:19:13",Makati,0,4
4262,1018,3,2,2,9150.86,"2024-07-21 06:17:40","Davao City",0,0
4414,1018,3,4,4,8912.50,"2024-04-12 19:27:31","Cebu City",0,2
5081,1018,3,5,3,3621.01,"2024-08-10 09:07:53",Makati,0,2
5430,1018,3,1,2,5271.70,"2024-05-22 18:48:53",Makati,0,0
17,1019,4,1,3,4182.59,"2024-01-26 07:53:08",Makati,0,0
663,1019,4,2,2,3849.64,"2024-05-24 02:41:46",Makati,0,4
751,1019,4,1,1,9102.77,"2024-11-23 04:09:47",Makati,0,4
987,1019,4,1,2,3151.33,"2024-11-24 23:19:19",Makati,0,0
1003,1019,4,3,1,3337.23,"2025-12-30 11:53:11",Makati,0,1
1153,1019,4,1,2,10046.26,"2025-07-13 13:31:11","Cebu City",0,0
1360,1019,4,1,4,5165.07,"2024-05-11 09:09:06","Cebu City",0,0
1450,1019,4,2,2,866.55,"2024-07-16 18:10:51",Makati,0,0
1514,1019,4,4,2,8036.99,"2024-02-10 10:44:49",Makati,0,2
1547,1019,4,2,2,1653.85,"2024-04-16 00:58:21","Cebu City",0,0
1690,1019,4,2,3,275.79,"2025-04-06 17:54:38","Davao City",0,0
1714,1019,4,2,2,8868.30,"2024-07-18 07:00:27",Makati,0,0
2334,1019,4,1,2,332.78,"2025-06-12 14:41:34","Quezon City",0,0
2606,1019,4,1,1,9700.48,"2026-01-13 04:53:15","Quezon City",0,4
2895,1019,4,3,1,17434.57,"2025-12-19 22:53:03","Quezon City",0,1
2907,1019,4,1,1,9349.28,"2025-07-14 13:21:19","Quezon City",0,0
3228,1019,4,2,1,2088.19,"2024-12-27 20:54:11","Quezon City",1,1
3258,1019,4,1,3,2099.29,"2025-06-28 21:48:48","Cebu City",0,0
3341,1019,4,4,3,69463.60,"2025-10-16 16:54:44","Davao City",0,5
3568,1019,4,1,2,5132.47,"2025-05-30 06:32:21",Makati,0,0
3634,1019,4,2,2,8455.94,"2025-07-18 23:12:59",Makati,0,0
4156,1019,4,1,1,8631.53,"2025-11-10 00:59:46",Makati,0,0
4223,1019,4,1,2,3443.53,"2024-09-17 23:32:57",Makati,0,0
4393,1019,4,1,4,7682.44,"2025-11-03 18:14:36","Davao City",0,0
4448,1019,4,2,1,9696.39,"2024-06-28 06:43:43","Quezon City",0,0
4712,1019,4,2,1,6122.67,"2025-01-20 00:36:26",Makati,0,0
4764,1019,4,2,1,1188.25,"2025-12-30 12:49:38",Makati,1,1
4860,1019,4,3,4,5056.51,"2024-07-12 07:27:21","Quezon City",0,0
5311,1019,4,2,4,6468.58,"2025-05-24 06:10:49","Quezon City",0,0
636,1020,3,1,3,6437.90,"2025-08-17 02:09:09",Makati,0,4
776,1020,3,2,3,3040.28,"2025-01-15 21:31:42","Cebu City",0,0
1602,1020,3,3,1,9890.04,"2025-12-19 21:58:11",Makati,0,1
1743,1020,3,2,1,6575.55,"2024-02-16 18:15:17","Quezon City",0,0
1798,1020,3,1,3,3931.44,"2024-09-19 00:53:24","Davao City",0,0
1859,1020,3,1,1,8230.86,"2024-08-11 23:49:00",Makati,0,0
2035,1020,3,2,3,8091.20,"2024-03-20 03:37:52","Cebu City",0,4
2274,1020,3,2,3,1650.59,"2024-06-20 07:46:39",Makati,0,0
2958,1020,3,4,2,4270.60,"2025-01-17 18:13:14",Makati,0,2
3307,1020,3,2,4,3019.30,"2024-09-04 18:18:47","Davao City",0,0
3337,1020,3,2,4,8294.72,"2025-08-23 07:13:53","Davao City",0,0
3505,1020,3,2,4,5822.70,"2024-09-30 06:07:33","Quezon City",0,0
3564,1020,3,2,1,8899.86,"2025-04-05 14:43:33",Makati,0,0
3858,1020,3,1,3,45384.98,"2025-10-26 23:45:07","Quezon City",0,0
4095,1020,3,1,4,4204.27,"2024-08-13 07:07:56",Makati,0,0
4115,1020,3,2,4,9938.82,"2025-02-01 06:46:13","Cebu City",0,0
4147,1020,3,2,2,7760.26,"2024-01-19 17:50:42","Cebu City",0,0
4313,1020,3,2,4,5681.21,"2024-04-20 17:32:04",Makati,0,0
4316,1020,3,1,2,3479.89,"2025-09-20 01:53:56",Makati,0,4
4631,1020,3,3,2,1905.10,"2024-06-26 08:43:42",Makati,0,0
4856,1020,3,5,4,6320.99,"2025-04-24 19:17:35","Quezon City",0,2
4902,1020,3,2,2,9076.79,"2025-04-05 21:39:14","Cebu City",0,0
5078,1020,3,1,4,5678.67,"2026-01-23 12:45:35","Quezon City",0,0
5347,1020,3,2,1,9476.45,"2024-01-01 07:11:59",Makati,0,0
5412,1020,3,4,1,1575.25,"2024-05-15 16:04:21",Makati,0,2
25,1021,3,1,2,1841.35,"2025-01-01 21:38:52","Cebu City",0,0
338,1021,3,1,4,9527.26,"2024-09-10 07:46:54",Makati,0,0
483,1021,3,2,3,8904.70,"2024-06-29 00:19:20","Cebu City",0,0
619,1021,3,2,1,8756.02,"2025-11-23 11:49:22",Makati,0,0
674,1021,3,2,4,965.23,"2025-01-11 19:45:18",Makati,0,0
1239,1021,3,2,1,4216.60,"2024-02-13 16:23:17",Makati,0,0
1425,1021,3,5,3,48134.95,"2025-10-18 13:42:08","Quezon City",1,2
1574,1021,3,1,2,7577.68,"2025-01-26 09:13:48",Makati,0,0
1843,1021,3,2,2,412.29,"2024-07-30 06:12:05",Makati,0,0
1870,1021,3,1,1,5760.47,"2025-02-07 17:31:59",Makati,0,0
2362,1021,3,1,2,1512.29,"2025-08-02 08:34:24",Makati,0,0
2447,1021,3,1,3,2252.91,"2025-01-18 21:28:09",Makati,0,0
2625,1021,3,3,3,5878.08,"2024-12-31 18:36:41",Makati,1,1
2637,1021,3,1,3,6196.00,"2024-04-18 06:28:42",Makati,0,0
2688,1021,3,1,1,215.89,"2024-08-05 16:24:47","Quezon City",0,0
2736,1021,3,1,1,9077.86,"2024-06-02 16:19:01","Quezon City",0,0
2959,1021,3,4,4,8910.51,"2024-11-12 13:53:53",Makati,0,2
2969,1021,3,2,1,6125.84,"2025-07-06 23:05:54","Quezon City",0,0
3350,1021,3,2,4,5178.73,"2025-04-22 20:22:22",Makati,0,0
3626,1021,3,1,1,3505.23,"2024-06-01 00:29:10",Makati,0,0
3650,1021,3,1,2,9583.41,"2025-06-30 16:38:10",Makati,0,0
3768,1021,3,2,3,440.87,"2025-03-06 08:51:56","Cebu City",0,0
4080,1021,3,2,2,3724.58,"2026-01-06 14:59:18",Makati,0,0
4269,1021,3,2,4,5888.19,"2026-01-18 03:55:02","Cebu City",0,4
4356,1021,3,5,3,51603.59,"2025-10-13 23:28:25",Makati,1,8
4377,1021,3,2,4,247.68,"2025-06-16 12:31:03","Cebu City",0,0
4598,1021,3,1,1,5301.35,"2025-03-13 14:00:31",Makati,0,0
4816,1021,3,1,4,8888.37,"2025-03-20 22:51:17",Makati,0,0
4909,1021,3,2,2,2326.52,"2024-04-27 21:33:36",Makati,0,0
5422,1021,3,2,4,6808.51,"2025-03-14 16:33:14","Cebu City",0,0
5431,1021,3,1,4,6934.61,"2024-04-12 05:29:06","Cebu City",0,0
149,1022,3,2,4,362.45,"2024-02-20 23:11:36","Davao City",0,0
161,1022,3,1,4,7976.35,"2024-12-26 02:36:50",Makati,1,5
460,1022,3,1,2,5840.87,"2024-09-25 19:56:33",Makati,0,0
480,1022,3,2,2,1503.25,"2024-01-29 12:05:55",Makati,0,0
833,1022,3,1,2,3630.06,"2026-01-12 04:29:47",Makati,0,4
971,1022,3,4,1,948.29,"2026-01-08 20:24:37",Makati,0,2
1139,1022,3,2,3,3492.13,"2026-01-09 02:34:05","Cebu City",0,4
1467,1022,3,2,4,6082.47,"2025-11-11 13:05:29","Cebu City",0,0
1565,1022,3,2,3,3493.97,"2025-01-26 19:07:32",Makati,0,0
1668,1022,3,2,3,2141.82,"2026-01-10 23:38:36",Makati,0,0
1854,1022,3,2,4,4771.67,"2024-08-25 01:01:51",Makati,0,4
1924,1022,3,2,2,6875.55,"2024-08-30 12:27:17",Makati,0,0
2224,1022,3,3,1,8634.58,"2024-12-24 23:09:03",Makati,0,1
3002,1022,3,1,3,2888.54,"2024-04-25 12:01:02","Cebu City",0,0
3004,1022,3,1,4,1071.49,"2025-01-21 11:52:50",Makati,0,0
3031,1022,3,1,3,2785.54,"2026-02-13 17:37:56","Cebu City",0,0
3144,1022,3,1,1,2791.07,"2025-02-17 04:27:34",Makati,0,4
3153,1022,3,1,2,4573.41,"2025-07-18 08:10:10",Makati,0,0
3584,1022,3,1,4,6556.11,"2024-11-11 18:46:48","Quezon City",0,0
3830,1022,3,1,4,6568.83,"2024-02-21 14:15:55",Makati,0,0
3975,1022,3,3,2,12973.91,"2025-12-29 20:49:26","Quezon City",0,1
4172,1022,3,1,4,1670.37,"2025-07-25 17:27:10",Makati,0,0
4293,1022,3,1,3,6970.91,"2025-04-28 07:58:32","Cebu City",0,0
4564,1022,3,1,1,1652.48,"2024-12-23 15:24:35","Quezon City",0,1
5256,1022,3,2,4,3876.28,"2025-06-28 13:50:18","Davao City",0,0
5443,1022,3,1,3,8821.90,"2024-07-17 23:37:26","Davao City",0,0
346,1023,2,2,3,2806.61,"2026-01-02 14:27:00","Davao City",0,0
706,1023,2,3,4,13366.35,"2024-12-22 00:45:12","Cebu City",0,1
1061,1023,2,1,2,2213.31,"2024-02-11 14:11:11","Quezon City",0,0
1138,1023,2,1,1,8630.26,"2024-05-19 07:26:02","Quezon City",0,0
1144,1023,2,2,1,7492.87,"2025-04-10 13:23:26","Quezon City",0,0
1175,1023,2,1,4,7446.00,"2025-07-06 09:49:51","Davao City",0,0
1377,1023,2,2,1,8233.06,"2025-03-14 18:00:10",Makati,0,0
1523,1023,2,2,1,9060.45,"2024-09-13 01:45:55","Quezon City",0,4
1667,1023,2,1,4,4232.80,"2024-09-10 00:55:04",Makati,0,0
2021,1023,2,1,1,5999.93,"2025-05-09 19:11:16",Makati,0,0
2061,1023,2,2,3,9375.23,"2024-08-24 07:33:10","Cebu City",0,0
2231,1023,2,1,4,801.58,"2024-03-22 12:44:25",Makati,0,0
2473,1023,2,1,4,10025.29,"2024-05-05 18:15:17",Makati,0,0
2616,1023,2,2,3,8690.25,"2024-09-27 11:46:42",Makati,0,0
3331,1023,2,1,1,184.84,"2024-08-15 14:48:37","Quezon City",0,0
3433,1023,2,1,3,2872.23,"2024-01-12 09:51:44",Makati,0,0
3462,1023,2,1,2,588.65,"2025-09-11 02:45:21","Cebu City",0,4
3501,1023,2,1,4,4691.51,"2024-03-01 19:57:01",Makati,0,0
3674,1023,2,5,4,9808.75,"2025-09-23 12:35:24","Davao City",0,2
3690,1023,2,3,2,11333.41,"2024-12-03 17:13:18","Quezon City",0,1
3966,1023,2,1,4,5335.79,"2024-11-06 03:52:24",Makati,0,4
4216,1023,2,2,2,7964.62,"2025-11-14 17:47:29","Quezon City",0,0
4811,1023,2,1,3,7132.08,"2025-01-19 01:24:42",Makati,0,4
4879,1023,2,1,3,211.51,"2025-02-07 16:01:14","Cebu City",0,0
5028,1023,2,2,2,709.13,"2024-03-07 21:20:36",Makati,0,0
5090,1023,2,1,1,389.59,"2024-06-01 14:00:31","Quezon City",0,0
5286,1023,2,2,4,1413.46,"2025-09-01 23:46:45","Cebu City",0,0
5415,1023,2,1,2,2192.94,"2025-03-10 18:07:11",Makati,0,0
304,1024,5,2,1,1256.55,"2025-07-18 16:22:13",Makati,0,0
370,1024,5,2,2,6040.53,"2024-05-06 22:34:18",Makati,0,0
481,1024,5,1,4,3998.59,"2025-02-16 18:29:02","Cebu City",0,0
801,1024,5,2,2,5586.44,"2024-07-26 05:47:51","Quezon City",0,0
984,1024,5,1,1,6764.77,"2025-04-23 11:35:58",Makati,0,0
1014,1024,5,5,3,54427.19,"2025-10-18 12:00:46",Makati,1,8
1268,1024,5,1,2,9040.11,"2024-08-08 02:04:55",Makati,0,4
1373,1024,5,1,1,9892.17,"2025-03-28 05:02:38",Makati,0,0
1873,1024,5,2,3,5041.78,"2025-04-17 10:12:29",Makati,0,0
2069,1024,5,2,1,7729.68,"2024-11-18 12:30:02","Davao City",0,0
2429,1024,5,1,1,1732.02,"2024-06-30 08:13:06",Makati,0,0
2513,1024,5,2,3,7904.50,"2024-05-21 04:07:55","Davao City",0,4
2521,1024,5,2,4,7241.48,"2024-01-26 17:06:57",Makati,0,0
2587,1024,5,1,4,8025.52,"2025-04-15 15:49:24",Makati,0,0
2766,1024,5,2,3,3500.05,"2024-11-26 17:55:57","Cebu City",0,0
2778,1024,5,2,4,4774.49,"2025-05-06 02:15:10",Makati,0,4
2960,1024,5,2,4,987.67,"2025-11-26 18:55:20","Cebu City",0,0
3255,1024,5,2,4,5528.48,"2025-11-29 06:33:40","Cebu City",0,0
3384,1024,5,5,3,63289.54,"2025-10-02 08:48:27",Makati,1,8
3655,1024,5,1,3,7549.14,"2025-11-03 04:59:51","Davao City",0,4
3688,1024,5,2,4,4650.23,"2026-02-28 22:27:02","Cebu City",0,0
3871,1024,5,2,3,2210.63,"2025-08-26 21:14:31",Makati,0,0
4061,1024,5,5,4,9162.27,"2024-04-27 23:41:02",Makati,0,2
4424,1024,5,2,4,2032.46,"2024-05-24 17:09:15","Davao City",0,0
4453,1024,5,1,1,8394.46,"2024-06-19 23:13:49","Cebu City",0,0
4901,1024,5,2,1,5341.87,"2026-01-16 12:36:32",Makati,0,0
5235,1024,5,2,2,9165.77,"2025-11-21 12:39:52",Makati,1,0
5351,1024,5,1,2,3927.09,"2024-07-30 08:45:58",Makati,0,0
5390,1024,5,3,4,9949.09,"2024-12-20 22:58:59",Makati,0,1
5421,1024,5,1,2,6211.32,"2025-05-04 01:33:19",Makati,1,4
22,1025,2,1,2,2643.16,"2025-08-15 21:58:02","Quezon City",0,0
177,1025,2,1,2,9216.15,"2025-04-08 11:44:41",Makati,0,0
183,1025,2,1,2,17812.47,"2025-12-16 21:36:11",Makati,0,1
606,1025,2,2,4,2063.26,"2025-03-17 07:56:52","Cebu City",0,0
845,1025,2,5,3,43541.31,"2024-10-11 05:24:05","Cebu City",0,5
1058,1025,2,5,3,55713.59,"2025-10-31 12:43:18",Makati,1,8
1441,1025,2,1,4,2979.57,"2024-01-30 10:40:06",Makati,0,0
1460,1025,2,2,2,367.83,"2024-08-11 07:31:15",Makati,0,0
1479,1025,2,1,1,4233.76,"2024-07-13 20:03:47","Quezon City",0,0
2127,1025,2,4,4,5343.38,"2024-12-05 01:21:39","Cebu City",0,7
2477,1025,2,1,4,3816.92,"2025-08-24 11:09:28","Davao City",1,0
2944,1025,2,1,4,3213.31,"2024-02-07 13:18:56","Davao City",0,0
3440,1025,2,2,2,6828.40,"2024-05-20 16:43:22",Makati,0,0
3520,1025,2,3,1,8938.51,"2024-12-06 06:44:01",Makati,0,1
3528,1025,2,2,4,3770.14,"2024-11-03 02:12:27","Davao City",0,4
3532,1025,2,2,3,8316.39,"2025-05-21 13:45:48",Makati,0,0
3680,1025,2,5,1,3734.85,"2024-11-09 20:26:44","Quezon City",0,2
3781,1025,2,2,3,3843.54,"2024-09-27 19:06:59","Davao City",0,0
3786,1025,2,1,2,692.32,"2024-08-26 02:49:00",Makati,0,4
3814,1025,2,4,3,62789.36,"2024-10-29 09:59:03",Makati,0,8
4120,1025,2,1,4,4956.91,"2025-03-14 17:45:24","Cebu City",0,0
4665,1025,2,1,2,3317.63,"2024-09-04 02:25:33",Makati,0,4
4711,1025,2,1,4,434.00,"2024-04-05 06:12:07","Davao City",0,0
4942,1025,2,4,3,3122.16,"2024-08-06 19:33:25",Makati,1,2
4973,1025,2,1,2,2136.75,"2024-07-28 09:29:57",Makati,0,0
5034,1025,2,2,3,99712.51,"2024-10-06 16:27:02",Makati,0,6
5297,1025,2,1,1,8355.07,"2025-08-05 22:46:59","Davao City",0,0
5380,1025,2,1,4,6633.58,"2025-03-23 02:04:35",Makati,0,4
5428,1025,2,2,1,7548.20,"2025-03-15 23:00:47",Makati,0,0
95,1026,3,2,3,338.22,"2024-02-09 20:28:11","Cebu City",0,0
164,1026,3,2,1,1152.58,"2025-06-16 11:11:40",Makati,0,0
242,1026,3,1,3,2040.46,"2024-01-08 12:10:22",Makati,0,0
680,1026,3,2,3,7381.29,"2025-04-21 17:14:54","Cebu City",0,0
1605,1026,3,4,3,40684.37,"2024-10-04 16:48:09","Davao City",0,5
1631,1026,3,1,2,10016.04,"2025-06-11 14:51:41",Makati,0,0
1912,1026,3,1,1,8195.23,"2024-08-17 19:47:23","Davao City",0,0
2134,1026,3,3,3,18340.14,"2024-12-03 16:17:56","Cebu City",0,1
2289,1026,3,3,1,4438.95,"2025-06-16 01:40:56",Makati,0,4
2432,1026,3,3,2,10496.67,"2024-12-18 21:49:48",Makati,0,1
2747,1026,3,2,2,5642.01,"2024-09-23 19:37:47",Makati,0,0
3488,1026,3,1,2,3129.71,"2025-04-24 17:29:02",Makati,0,0
3526,1026,3,4,2,5786.20,"2024-11-16 10:40:38",Makati,0,2
3955,1026,3,2,4,9267.80,"2024-05-03 10:02:35","Davao City",0,0
4057,1026,3,2,2,6295.62,"2024-05-09 19:36:17",Makati,0,0
5215,1026,3,5,3,77735.38,"2024-10-27 08:41:43","Davao City",1,8
5301,1026,3,2,4,2664.44,"2025-11-08 08:56:38","Cebu City",0,0
205,1027,5,2,1,8416.20,"2025-03-08 03:41:24","Davao City",0,4
238,1027,5,1,2,101.30,"2024-02-24 14:37:11","Quezon City",0,0
248,1027,5,1,4,4632.33,"2026-01-15 09:05:10",Makati,0,0
559,1027,5,1,3,8597.53,"2024-09-25 18:16:20",Makati,0,0
847,1027,5,1,1,5962.78,"2025-06-06 03:20:36","Quezon City",0,4
1464,1027,5,1,4,5410.72,"2024-05-18 14:48:37",Makati,0,0
1732,1027,5,2,3,9755.31,"2024-03-09 22:07:00","Cebu City",0,0
1900,1027,5,2,3,483.86,"2024-11-17 18:07:26","Davao City",0,0
1939,1027,5,1,4,1942.88,"2024-06-09 09:38:18","Cebu City",0,0
2337,1027,5,1,2,8698.10,"2025-05-21 17:31:33","Quezon City",0,0
2368,1027,5,2,4,5281.36,"2024-05-14 20:50:51",Makati,0,0
2370,1027,5,2,2,469.14,"2025-05-20 12:13:33","Quezon City",0,0
2653,1027,5,3,1,2344.29,"2025-07-04 03:35:50",Makati,0,4
2818,1027,5,2,4,6212.40,"2024-07-28 09:47:20","Davao City",0,0
3195,1027,5,2,3,4123.90,"2025-02-09 12:26:03","Cebu City",0,0
3218,1027,5,1,2,9443.89,"2025-04-09 14:21:55",Makati,0,0
3407,1027,5,5,3,72635.17,"2025-10-30 08:47:36",Makati,0,5
4513,1027,5,2,3,9384.16,"2025-01-14 07:07:51",Makati,0,0
4526,1027,5,2,1,100.73,"2024-02-21 15:17:44","Cebu City",0,0
4568,1027,5,5,3,68732.56,"2024-10-18 02:39:03",Makati,1,12
4586,1027,5,1,4,3906.07,"2025-05-05 15:08:38","Davao City",0,0
4944,1027,5,2,1,6354.24,"2025-11-22 04:08:53","Cebu City",0,4
5385,1027,5,2,4,1127.12,"2025-04-03 19:50:00","Cebu City",0,0
32,1028,2,5,3,95470.30,"2025-10-25 19:54:30","Davao City",0,5
333,1028,2,2,3,7047.93,"2024-01-23 12:32:02",Makati,0,0
560,1028,2,1,3,1012.44,"2024-07-23 06:46:56","Davao City",0,0
1329,1028,2,1,1,5371.52,"2025-04-05 07:36:53","Cebu City",0,0
1370,1028,2,2,2,9637.94,"2025-11-23 01:56:26",Makati,0,4
2083,1028,2,2,4,5296.67,"2025-02-23 10:54:00","Cebu City",0,0
2196,1028,2,1,2,2845.94,"2024-02-11 02:00:16","Quezon City",0,4
2489,1028,2,2,3,2928.27,"2025-01-04 02:14:54","Cebu City",0,4
2533,1028,2,2,1,3004.32,"2024-09-29 20:08:03",Makati,0,0
2707,1028,2,1,2,452.35,"2024-07-22 01:24:01",Makati,0,4
2862,1028,2,2,2,2143.09,"2024-03-21 01:47:41",Makati,0,4
3184,1028,2,3,2,9240.50,"2024-07-31 14:49:22","Quezon City",0,0
3404,1028,2,1,2,2899.70,"2025-09-17 11:04:06",Makati,0,0
3460,1028,2,1,4,4170.74,"2025-03-14 06:58:48","Davao City",0,0
3473,1028,2,2,1,4342.66,"2025-08-10 19:10:13","Quezon City",0,0
4439,1028,2,1,4,5831.37,"2024-09-18 06:52:31",Makati,0,0
4650,1028,2,2,4,9275.83,"2024-08-06 09:17:20","Davao City",0,0
4886,1028,2,1,4,1666.61,"2024-11-27 21:42:46","Cebu City",0,0
5200,1028,2,2,2,8481.09,"2024-05-11 18:43:59","Quezon City",0,0
5452,1028,2,2,2,4578.49,"2025-03-24 19:28:23","Quezon City",0,0
5490,1028,2,2,3,3153.45,"2025-05-30 02:55:46","Cebu City",0,4
371,1029,1,2,1,8957.65,"2024-04-02 20:48:37",Makati,0,0
549,1029,1,1,1,2048.83,"2024-07-16 13:45:41","Davao City",0,0
1023,1029,1,2,2,8953.53,"2026-01-22 08:58:48","Quezon City",0,0
1247,1029,1,2,1,6602.31,"2024-04-12 23:43:55","Quezon City",0,0
1569,1029,1,2,3,349.54,"2025-08-31 09:48:39","Cebu City",0,0
1780,1029,1,2,4,6523.37,"2025-01-09 10:44:25","Davao City",0,0
1952,1029,1,2,4,2933.56,"2025-07-03 08:42:29",Makati,0,0
2450,1029,1,2,3,2780.68,"2025-09-14 11:10:09",Makati,0,0
2812,1029,1,4,2,8503.42,"2024-04-07 14:02:56","Quezon City",0,2
3010,1029,1,1,3,9480.02,"2025-08-26 13:49:31",Makati,0,0
3049,1029,1,1,3,8232.57,"2025-11-08 02:20:07",Makati,0,4
3193,1029,1,2,2,4719.15,"2025-02-01 00:38:42",Makati,0,0
3295,1029,1,2,4,4710.70,"2024-01-29 05:01:13",Makati,0,0
3305,1029,1,2,4,9236.38,"2026-02-21 11:39:26","Cebu City",0,0
3320,1029,1,1,4,442.11,"2024-01-17 01:52:14","Cebu City",0,4
3484,1029,1,1,3,55907.21,"2024-10-21 05:47:43",Makati,0,6
3534,1029,1,2,1,6863.64,"2024-03-28 17:11:53","Cebu City",0,0
3608,1029,1,2,2,4552.44,"2025-04-07 07:06:26",Makati,0,0
3615,1029,1,3,2,17800.54,"2024-12-19 03:12:26","Quezon City",0,5
3698,1029,1,2,3,4593.39,"2025-04-09 21:37:42",Makati,0,0
3746,1029,1,1,3,2735.71,"2025-04-24 22:33:26",Makati,0,0
3903,1029,1,2,1,6437.55,"2025-07-08 21:45:39","Cebu City",0,0
3974,1029,1,2,4,9229.32,"2024-01-26 13:34:40","Cebu City",0,0
3983,1029,1,2,1,2693.03,"2025-07-12 01:18:18","Cebu City",0,4
4113,1029,1,1,3,2932.25,"2024-04-08 02:34:44","Cebu City",0,4
4275,1029,1,1,2,9024.51,"2024-05-23 06:07:30",Makati,0,0
4276,1029,1,2,4,9014.10,"2025-09-06 10:15:11","Cebu City",1,0
4385,1029,1,2,2,6280.98,"2025-08-24 23:41:55","Quezon City",0,0
4426,1029,1,1,4,9531.87,"2024-09-02 22:44:50",Makati,0,0
4514,1029,1,1,1,777.78,"2025-09-02 12:57:07",Makati,0,0
4845,1029,1,1,2,19672.62,"2024-12-28 22:43:23","Quezon City",0,1
4892,1029,1,2,4,4194.83,"2024-08-29 14:55:34","Davao City",0,0
5098,1029,1,3,4,411.51,"2024-02-16 16:11:34","Davao City",0,0
5259,1029,1,1,4,3278.34,"2025-04-06 23:49:40","Davao City",0,0
5359,1029,1,2,1,10008.87,"2025-09-29 22:06:36",Makati,0,0
180,1030,2,2,3,8940.51,"2025-05-10 09:28:36",Makati,0,0
336,1030,2,3,1,17810.78,"2025-12-05 02:23:18",Makati,0,5
765,1030,2,1,1,6867.33,"2024-09-06 21:01:05","Cebu City",0,0
767,1030,2,1,4,5381.59,"2025-07-29 06:52:07",Makati,0,0
1068,1030,2,2,2,5647.20,"2024-08-14 04:05:14","Quezon City",0,4
1136,1030,2,2,3,6890.26,"2024-01-11 12:21:16","Quezon City",0,0
1225,1030,2,2,3,5732.80,"2026-01-02 12:57:37",Makati,0,0
1245,1030,2,5,3,6676.49,"2026-01-09 01:58:53",Makati,0,6
1344,1030,2,1,2,3753.22,"2024-06-01 16:12:41","Quezon City",0,0
1455,1030,2,1,1,462.71,"2024-08-25 09:35:34",Makati,0,0
2336,1030,2,1,4,8986.97,"2025-03-07 12:58:02","Cebu City",0,0
2724,1030,2,3,4,9280.81,"2025-12-12 14:11:28","Cebu City",0,1
2761,1030,2,1,2,9297.69,"2025-01-04 22:40:15","Quezon City",0,0
3034,1030,2,1,1,2303.47,"2025-02-13 00:06:31","Davao City",0,0
3233,1030,2,2,4,3505.47,"2024-07-01 01:40:09",Makati,0,4
3388,1030,2,5,3,5071.04,"2024-02-10 14:45:47",Makati,0,2
3677,1030,2,2,3,7457.11,"2025-02-05 19:50:45","Quezon City",0,0
3741,1030,2,1,4,4909.51,"2024-01-25 03:07:29","Davao City",0,4
3819,1030,2,5,3,82120.53,"2024-10-24 11:33:50",Makati,1,5
4544,1030,2,1,3,4276.21,"2025-09-12 18:25:56",Makati,0,0
4572,1030,2,3,4,17654.94,"2024-12-24 03:22:45","Davao City",0,5
4618,1030,2,2,4,7577.74,"2024-08-17 06:06:05","Cebu City",0,0
4720,1030,2,2,1,1389.91,"2024-07-03 13:22:19","Cebu City",0,0
4827,1030,2,5,3,93272.93,"2025-10-12 05:46:56","Davao City",0,5
4841,1030,2,2,1,8007.45,"2026-02-08 04:35:32",Makati,0,4
5015,1030,2,2,3,55292.01,"2024-10-24 08:39:39","Quezon City",0,6
5084,1030,2,1,4,2098.92,"2024-08-31 19:28:29",Makati,0,0
199,1031,3,3,3,1257.99,"2025-07-08 23:50:21",Makati,0,0
792,1031,3,2,2,2991.74,"2025-02-28 09:20:12",Makati,0,0
1248,1031,3,2,2,3210.88,"2026-02-26 22:46:06","Quezon City",0,0
1544,1031,3,3,3,6221.90,"2024-12-06 05:16:39",Makati,0,1
1707,1031,3,1,2,6230.88,"2024-06-26 23:09:22",Makati,0,0
2027,1031,3,2,1,1456.82,"2024-11-22 12:40:17",Makati,1,0
2160,1031,3,2,4,3002.44,"2024-08-27 18:13:57","Davao City",0,0
2303,1031,3,2,4,4452.60,"2024-05-09 16:59:07","Davao City",0,0
2488,1031,3,3,3,9093.39,"2024-09-17 02:23:09","Cebu City",0,4
2495,1031,3,1,3,6972.11,"2025-04-30 09:20:56",Makati,0,0
2823,1031,3,4,1,18646.47,"2024-12-15 22:28:37","Cebu City",0,3
3294,1031,3,3,1,3466.89,"2025-12-13 09:40:25","Cebu City",0,1
3948,1031,3,2,1,5363.21,"2025-08-10 06:59:07","Cebu City",0,0
4145,1031,3,3,1,15922.97,"2025-12-13 19:15:38","Davao City",0,1
4738,1031,3,1,3,7151.27,"2024-01-26 13:29:21",Makati,0,0
4857,1031,3,4,3,4835.52,"2025-03-06 07:09:56","Quezon City",0,2
5104,1031,3,5,3,54669.66,"2025-10-13 17:43:31",Makati,1,8
5179,1031,3,2,3,495.59,"2024-08-18 21:30:03",Makati,0,0
5223,1031,3,5,3,81838.96,"2024-10-16 19:24:02",Makati,1,5
5269,1031,3,4,3,66730.84,"2024-10-04 09:40:02",Makati,0,8
5358,1031,3,2,4,6713.19,"2025-12-13 20:20:02","Cebu City",1,1
5392,1031,3,2,2,4172.61,"2024-03-17 15:54:00",Makati,0,0
111,1032,3,1,4,4940.41,"2025-02-15 04:55:30","Davao City",0,4
612,1032,3,1,2,146.81,"2025-01-01 15:47:59",Makati,0,0
1098,1032,3,3,3,5590.32,"2024-08-20 17:00:15",Makati,0,0
1213,1032,3,2,1,6843.46,"2026-02-12 05:21:52","Davao City",0,0
1237,1032,3,2,1,893.15,"2025-08-01 07:58:59","Cebu City",0,0
1606,1032,3,3,3,80374.30,"2025-10-18 00:53:31","Quezon City",0,6
1700,1032,3,2,4,9648.26,"2025-03-01 11:14:09","Cebu City",0,0
1750,1032,3,1,3,88.06,"2024-02-18 15:24:22",Makati,0,0
2037,1032,3,2,2,8883.31,"2024-01-24 22:37:52",Makati,0,0
2201,1032,3,5,3,40117.54,"2024-10-24 23:56:02","Cebu City",1,5
2592,1032,3,1,2,152.86,"2024-08-31 17:54:08",Makati,0,0
3082,1032,3,3,2,20130.59,"2024-12-04 08:25:35",Makati,0,1
3108,1032,3,5,3,51033.80,"2024-10-07 22:38:49","Davao City",1,5
3387,1032,3,1,2,1580.54,"2025-03-22 18:58:30",Makati,0,0
3548,1032,3,1,2,3784.51,"2024-08-17 20:17:14",Makati,0,0
4287,1032,3,2,1,4420.48,"2025-08-28 00:05:43","Davao City",0,0
4346,1032,3,1,3,3295.94,"2024-04-04 07:34:52",Makati,0,0
4444,1032,3,5,3,53839.79,"2024-10-17 19:15:16",Makati,0,8
4623,1032,3,1,3,9462.13,"2025-07-23 09:20:14","Cebu City",0,0
4732,1032,3,1,2,3998.67,"2025-07-28 23:17:17",Makati,0,0
4798,1032,3,3,3,73528.56,"2024-10-20 21:41:54",Makati,0,3
4815,1032,3,2,2,8835.33,"2024-04-28 20:40:51",Makati,0,0
4834,1032,3,1,3,3746.20,"2025-11-09 02:39:55",Makati,0,4
4870,1032,3,2,1,2507.76,"2025-04-29 05:58:39","Cebu City",0,0
5123,1032,3,1,1,4118.92,"2025-08-10 11:40:04",Makati,0,0
5152,1032,3,2,1,6058.92,"2025-07-03 20:25:19","Davao City",0,0
5208,1032,3,1,2,9715.67,"2024-09-16 09:30:36",Makati,0,0
5453,1032,3,2,3,1830.70,"2024-12-30 23:28:24",Makati,0,1
138,1033,5,2,2,9673.71,"2026-02-05 02:43:57",Makati,0,4
211,1033,5,1,2,7483.16,"2025-08-21 22:58:06",Makati,0,0
355,1033,5,2,1,7774.59,"2024-08-24 11:44:22","Davao City",0,0
447,1033,5,3,3,999.49,"2025-12-18 01:39:22",Makati,0,5
466,1033,5,1,1,4814.14,"2024-09-23 20:45:12",Makati,0,0
507,1033,5,5,1,6524.24,"2025-06-26 22:30:10",Makati,0,2
635,1033,5,1,1,554.58,"2024-06-26 21:16:57","Cebu City",0,0
1251,1033,5,1,3,487.15,"2024-08-12 11:24:25",Makati,0,0
1298,1033,5,1,3,2428.48,"2026-01-11 19:22:09",Makati,0,0
1510,1033,5,1,3,1456.97,"2024-11-29 05:45:46",Makati,0,0
1578,1033,5,2,1,7468.82,"2025-11-20 23:21:01",Makati,0,0
1663,1033,5,1,1,8719.19,"2025-09-21 00:44:10","Davao City",0,0
1717,1033,5,4,1,1560.21,"2025-07-24 13:18:48","Cebu City",0,2
1818,1033,5,1,1,6692.79,"2025-11-17 17:19:10","Cebu City",0,0
2020,1033,5,1,2,2042.62,"2025-05-23 17:51:04",Makati,0,0
2756,1033,5,2,2,4052.48,"2026-01-20 07:59:33",Makati,0,0
2991,1033,5,1,3,671.03,"2024-02-19 04:29:22",Makati,0,4
3077,1033,5,2,1,6008.78,"2024-03-24 00:29:20","Davao City",0,0
3317,1033,5,1,3,3925.60,"2024-11-14 05:54:10",Makati,0,0
3482,1033,5,2,1,6411.17,"2025-03-12 14:34:16",Makati,0,0
3580,1033,5,3,3,1739.17,"2024-12-09 14:09:32","Quezon City",0,1
3682,1033,5,1,1,6686.19,"2025-07-15 04:59:03",Makati,0,4
3797,1033,5,1,4,3142.31,"2024-05-13 00:39:20",Makati,0,0
3849,1033,5,1,4,6525.20,"2025-11-07 05:45:17","Davao City",0,0
4066,1033,5,2,2,5680.77,"2024-06-25 17:05:59",Makati,0,0
4194,1033,5,3,4,1263.02,"2026-02-13 04:02:53","Cebu City",0,4
4754,1033,5,2,1,5797.69,"2025-09-01 18:36:24","Davao City",0,0
4927,1033,5,2,4,4545.17,"2025-02-06 16:07:35",Makati,0,0
5323,1033,5,1,3,8367.28,"2025-07-16 02:08:29",Makati,0,4
5486,1033,5,1,4,9576.86,"2024-03-03 11:30:57","Cebu City",0,0
312,1034,2,1,3,6589.30,"2025-03-08 16:55:22",Makati,0,0
365,1034,2,4,4,6720.75,"2024-09-18 13:21:55",Makati,0,2
366,1034,2,2,1,5154.83,"2024-07-13 03:04:46",Makati,0,4
884,1034,2,5,3,54120.38,"2024-10-02 15:36:40","Davao City",1,8
944,1034,2,2,4,8152.95,"2024-01-18 05:58:18","Davao City",0,0
947,1034,2,1,3,1960.01,"2024-05-04 15:01:08",Makati,0,0
1041,1034,2,2,1,5229.03,"2026-02-25 21:45:20","Davao City",0,0
1096,1034,2,2,3,1721.63,"2024-02-10 15:35:03","Quezon City",0,0
1159,1034,2,1,3,7668.02,"2024-11-02 03:02:34",Makati,0,4
1357,1034,2,1,3,949.07,"2024-04-29 06:11:31","Quezon City",0,0
1641,1034,2,2,1,934.52,"2025-06-11 19:01:43",Makati,0,0
2041,1034,2,2,1,8305.45,"2024-01-28 14:47:01","Davao City",0,0
2265,1034,2,5,1,2992.27,"2024-07-21 00:11:59",Makati,0,2
2497,1034,2,2,3,5497.79,"2024-07-04 07:17:48","Quezon City",0,0
2859,1034,2,2,2,4667.02,"2024-05-30 09:33:00",Makati,0,0
2954,1034,2,2,4,3892.98,"2025-07-06 08:15:52",Makati,0,0
3328,1034,2,1,2,6530.67,"2024-12-28 02:24:05",Makati,0,5
3603,1034,2,3,3,8751.41,"2025-12-18 22:34:42","Quezon City",0,1
3789,1034,2,1,2,8262.68,"2025-02-06 11:44:32",Makati,0,0
3815,1034,2,1,1,5466.53,"2026-01-06 03:06:55","Cebu City",0,4
4248,1034,2,4,2,8591.48,"2025-11-30 02:04:02","Davao City",0,6
4780,1034,2,1,4,5497.30,"2025-01-25 07:18:24",Makati,0,0
4897,1034,2,5,3,91293.96,"2024-10-28 01:19:57","Cebu City",1,12
4976,1034,2,2,3,9285.41,"2025-04-16 09:52:09",Makati,0,0
5097,1034,2,5,3,58460.76,"2024-10-13 05:07:35",Makati,0,5
5124,1034,2,2,2,7555.43,"2024-04-20 10:55:57","Cebu City",0,0
56,1035,4,1,1,4841.31,"2024-01-30 23:38:37","Davao City",0,0
213,1035,4,1,4,607.26,"2026-01-05 05:26:11",Makati,0,0
287,1035,4,1,3,3653.59,"2025-08-31 07:59:40","Quezon City",0,0
585,1035,4,2,4,9768.58,"2024-01-31 05:52:34","Cebu City",0,0
1181,1035,4,2,3,8364.94,"2025-02-11 17:59:54","Quezon City",0,0
1272,1035,4,2,2,14806.15,"2025-12-09 14:55:12",Makati,0,1
1275,1035,4,1,2,7481.55,"2025-09-23 04:05:48",Makati,0,4
1367,1035,4,4,3,71073.36,"2025-10-24 10:34:03",Makati,0,5
1502,1035,4,1,1,3197.50,"2024-08-03 02:52:19","Cebu City",0,4
1737,1035,4,1,1,1150.06,"2025-04-13 01:18:46",Makati,0,4
1740,1035,4,2,1,7300.65,"2026-02-24 07:20:33","Davao City",0,0
1998,1035,4,1,1,7799.84,"2024-04-12 04:54:48","Cebu City",0,4
2102,1035,4,5,3,55811.37,"2024-10-13 19:50:27",Makati,1,8
2164,1035,4,1,4,6330.32,"2025-05-19 20:46:56","Cebu City",0,0
2176,1035,4,3,3,76132.67,"2024-10-26 09:27:36",Makati,0,6
2181,1035,4,2,3,7317.90,"2025-01-28 21:22:26",Makati,0,0
2350,1035,4,4,3,87226.74,"2025-10-24 03:45:52",Makati,0,9
2454,1035,4,1,4,4743.63,"2025-11-10 21:59:23",Makati,0,0
2508,1035,4,1,4,1475.89,"2024-07-14 08:55:40","Davao City",0,0
2554,1035,4,5,3,45244.33,"2025-10-04 17:24:27",Makati,0,5
2883,1035,4,4,1,9077.47,"2025-09-07 09:49:05","Cebu City",0,2
2977,1035,4,1,3,8297.04,"2025-09-19 07:40:42",Makati,0,0
3432,1035,4,2,1,6491.34,"2024-11-02 11:09:28","Davao City",0,0
3531,1035,4,4,1,8163.20,"2025-01-20 12:24:07",Makati,0,2
4155,1035,4,2,3,9103.99,"2025-05-01 06:36:58","Quezon City",0,0
4159,1035,4,2,1,9696.05,"2024-07-23 02:37:55","Davao City",0,4
4729,1035,4,1,3,3047.99,"2025-06-09 06:05:19","Quezon City",0,0
5001,1035,4,1,3,1034.99,"2025-09-02 23:18:35","Quezon City",0,0
5017,1035,4,1,1,1852.86,"2025-11-28 09:49:52","Davao City",0,0
5100,1035,4,3,3,59416.78,"2025-10-24 04:29:36",Makati,0,7
124,1036,2,1,3,497.34,"2025-07-29 04:36:02",Makati,0,4
580,1036,2,3,1,5507.37,"2024-06-04 09:00:15",Makati,0,0
951,1036,2,1,2,8848.41,"2025-01-23 17:50:45",Makati,0,0
1140,1036,2,1,2,9551.84,"2025-03-20 11:55:44","Davao City",0,0
1167,1036,2,2,3,99.04,"2025-07-31 02:16:45","Quezon City",0,4
1233,1036,2,4,4,1746.54,"2024-07-26 20:36:38","Davao City",0,2
1338,1036,2,3,2,17998.97,"2025-12-26 16:57:02",Makati,0,1
1415,1036,2,2,4,7194.52,"2025-07-27 04:22:58","Cebu City",0,4
1486,1036,2,4,3,63167.25,"2024-10-21 19:11:25",Makati,0,5
1775,1036,2,5,4,5237.16,"2026-01-09 16:41:08","Cebu City",0,2
2142,1036,2,1,3,1295.97,"2024-03-20 18:01:12",Makati,0,0
2149,1036,2,5,3,63883.45,"2025-10-27 09:01:07","Quezon City",1,5
2161,1036,2,2,3,8917.43,"2024-07-15 20:05:56",Makati,0,0
2752,1036,2,2,1,7196.93,"2024-12-12 05:38:37","Cebu City",0,1
2793,1036,2,2,4,7034.63,"2024-06-14 13:50:49",Makati,0,0
2939,1036,2,2,3,70383.38,"2025-10-19 19:30:40","Quezon City",0,3
3056,1036,2,3,2,9355.74,"2024-01-12 03:38:43","Davao City",0,4
3090,1036,2,1,3,5845.20,"2025-06-21 14:13:30","Quezon City",0,0
3099,1036,2,2,2,4950.55,"2024-05-04 13:10:16",Makati,0,0
3241,1036,2,5,3,40380.31,"2025-10-01 19:58:26",Makati,1,2
3250,1036,2,1,3,3710.36,"2025-11-20 04:27:03",Makati,0,4
4166,1036,2,2,4,9323.67,"2025-04-23 18:40:56",Makati,0,0
4231,1036,2,3,1,17550.19,"2025-12-24 20:49:22",Makati,0,1
4521,1036,2,5,3,46950.48,"2024-10-12 06:40:41","Cebu City",1,2
4651,1036,2,2,3,792.02,"2024-12-17 22:02:24","Quezon City",0,1
4899,1036,2,4,3,1811.56,"2025-12-06 17:15:25",Makati,0,3
4916,1036,2,1,4,2821.73,"2025-01-15 12:09:23","Davao City",0,0
49,1037,5,5,3,123.82,"2024-09-27 07:22:03",Makati,0,2
247,1037,5,1,2,9610.49,"2024-11-06 13:00:27","Cebu City",0,0
461,1037,5,1,3,9686.62,"2025-11-30 04:51:48","Quezon City",0,4
593,1037,5,1,4,1506.68,"2025-04-06 07:48:23","Cebu City",0,0
617,1037,5,2,4,4394.41,"2024-08-27 17:24:54",Makati,0,0
654,1037,5,2,1,5618.14,"2024-11-30 21:40:22","Davao City",0,0
756,1037,5,2,3,4218.05,"2025-09-21 01:36:26","Quezon City",0,4
869,1037,5,2,1,3478.44,"2025-11-13 17:51:36","Cebu City",0,0
1466,1037,5,5,1,4822.76,"2025-01-26 06:10:00","Cebu City",0,2
1681,1037,5,2,1,7592.09,"2025-04-11 22:47:46","Davao City",0,0
1778,1037,5,2,1,4987.97,"2024-08-09 15:36:29",Makati,0,0
1837,1037,5,2,3,437.29,"2024-02-09 03:59:44",Makati,0,4
2155,1037,5,2,4,3860.66,"2024-07-27 21:25:14","Cebu City",0,0
2165,1037,5,1,3,5137.80,"2025-11-17 09:20:01","Quezon City",0,0
2288,1037,5,1,3,1337.51,"2025-01-23 06:46:45","Quezon City",0,0
2339,1037,5,1,2,4090.49,"2024-06-18 18:50:15","Quezon City",0,0
2412,1037,5,1,2,7605.78,"2025-01-11 16:47:53",Makati,0,0
2455,1037,5,2,3,8618.32,"2026-02-08 18:46:48",Makati,0,0
2593,1037,5,5,3,79083.80,"2024-10-03 18:53:58",Makati,0,8
2607,1037,5,2,2,8597.67,"2025-01-19 20:35:49",Makati,0,0
2644,1037,5,1,4,7450.89,"2025-12-22 15:23:48",Makati,1,1
2660,1037,5,1,2,9050.64,"2025-01-13 00:40:46",Makati,0,0
3266,1037,5,2,1,6428.76,"2024-02-07 22:32:26",Makati,0,0
3285,1037,5,5,3,79157.38,"2024-10-30 20:52:34","Quezon City",1,8
3292,1037,5,1,4,3682.03,"2025-04-24 13:43:30",Makati,1,0
3639,1037,5,2,2,6830.53,"2026-01-06 16:38:23",Makati,0,0
4175,1037,5,2,1,9175.75,"2024-05-27 12:56:02","Cebu City",0,0
4507,1037,5,1,4,1115.21,"2025-01-05 21:04:48",Makati,0,0
4699,1037,5,2,3,8382.42,"2025-07-03 15:14:23",Makati,0,0
4800,1037,5,1,4,4525.30,"2024-03-31 11:27:14","Quezon City",0,0
4928,1037,5,1,4,3715.47,"2025-07-21 14:34:32","Cebu City",0,0
5038,1037,5,5,3,95259.27,"2024-10-31 21:49:42","Cebu City",1,5
5,1038,4,1,2,2233.58,"2024-06-19 00:39:32","Davao City",0,0
