transaction_id,account_id,risk_score,alert_level,transaction_timestamp
9,132,3,"Medium Risk","2026-02-17 13:35:59"
35,89,3,"Medium Risk","2026-02-10 08:35:59"
40,43,3,"Medium Risk","2026-03-03 22:35:59"
70,167,3,"Medium Risk","2026-02-09 12:35:59"
71,190,3,"Medium Risk","2026-02-21 07:35:59"
78,161,3,"Medium Risk","2026-02-08 09:35:59"
98,43,3,"Medium Risk","2026-02-24 04:35:59"
113,22,3,"Medium Risk","2026-02-22 04:35:59"
117,2,6,"High Alert","2026-02-12 06:35:59"
136,179,3,"Medium Risk","2026-02-04 02:35:59"
143,182,6,"High Alert","2026-02-27 13:35:59"
149,35,3,"Medium Risk","2026-02-20 18:35:59"
150,33,3,"Medium Risk","2026-02-14 11:35:59"
161,190,3,"Medium Risk","2026-02-24 09:35:59"
164,145,3,"Medium Risk","2026-02-14 14:35:59"
166,44,3,"Medium Risk","2026-02-11 21:35:59"
188,168,6,"High Alert","2026-02-08 02:35:59"
201,142,3,"Medium Risk","2026-02-20 03:35:59"
210,8,3,"Medium Risk","2026-02-08 06:35:59"
227,112,3,"Medium Risk","2026-02-27 15:35:59"
241,17,3,"Medium Risk","2026-02-04 10:35:59"
254,52,3,"Medium Risk","2026-02-04 04:35:59"
258,29,3,"Medium Risk","2026-02-19 15:35:59"
261,16,3,"Medium Risk","2026-02-09 23:35:59"
263,159,3,"Medium Risk","2026-02-19 00:35:59"
267,53,3,"Medium Risk","2026-03-02 19:35:59"
269,12,3,"Medium Risk","2026-03-01 20:35:59"
274,92,3,"Medium Risk","2026-02-08 01:35:59"
286,65,3,"Medium Risk","2026-03-05 11:35:59"
287,171,3,"Medium Risk","2026-02-24 23:35:59"
295,173,3,"Medium Risk","2026-02-21 15:35:59"
316,161,3,"Medium Risk","2026-02-23 11:35:59"
319,24,3,"Medium Risk","2026-02-05 14:35:59"
329,95,3,"Medium Risk","2026-03-05 14:35:59"
337,61,3,"Medium Risk","2026-02-07 04:35:59"
339,49,3,"Medium Risk","2026-02-04 02:35:59"
365,54,3,"Medium Risk","2026-02-11 00:36:00"
393,172,3,"Medium Risk","2026-02-24 18:36:00"
399,34,3,"Medium Risk","2026-03-01 08:36:00"
442,45,3,"Medium Risk","2026-02-21 18:36:00"
451,86,3,"Medium Risk","2026-02-05 15:36:00"
462,128,3,"Medium Risk","2026-02-17 11:36:00"
464,146,3,"Medium Risk","2026-03-05 10:36:00"
475,34,3,"Medium Risk","2026-02-25 20:36:00"
499,86,3,"Medium Risk","2026-02-06 21:36:00"
522,86,3,"Medium Risk","2026-03-03 13:36:00"
523,111,3,"Medium Risk","2026-02-23 09:36:00"
524,41,3,"Medium Risk","2026-02-07 02:36:00"
527,35,3,"Medium Risk","2026-03-03 00:36:00"
545,168,3,"Medium Risk","2026-03-02 11:36:00"
551,200,3,"Medium Risk","2026-02-08 17:36:00"
570,171,3,"Medium Risk","2026-02-08 14:36:00"
586,21,3,"Medium Risk","2026-02-06 01:36:00"
603,85,3,"Medium Risk","2026-02-15 07:36:00"
610,50,3,"Medium Risk","2026-02-07 11:36:00"
648,110,3,"Medium Risk","2026-03-03 00:36:00"
660,7,6,"High Alert","2026-02-06 12:36:00"
661,196,3,"Medium Risk","2026-02-16 13:36:00"
678,62,3,"Medium Risk","2026-02-23 18:36:00"
693,135,6,"High Alert","2026-02-07 08:36:00"
697,138,3,"Medium Risk","2026-03-03 01:36:00"
704,59,3,"Medium Risk","2026-02-13 05:36:00"
722,170,3,"Medium Risk","2026-02-10 04:36:00"
753,86,3,"Medium Risk","2026-02-05 19:36:00"
757,74,3,"Medium Risk","2026-02-28 03:36:00"
762,84,3,"Medium Risk","2026-02-17 13:36:00"
766,177,3,"Medium Risk","2026-03-01 15:36:00"
778,69,3,"Medium Risk","2026-02-07 13:36:01"
806,15,3,"Medium Risk","2026-02-17 09:36:01"
832,101,6,"High Alert","2026-02-26 04:36:01"
838,39,3,"Medium Risk","2026-02-26 07:36:01"
850,79,3,"Medium Risk","2026-02-28 00:36:01"
855,38,3,"Medium Risk","2026-02-22 01:36:01"
865,5,6,"High Alert","2026-02-14 15:36:01"
880,140,3,"Medium Risk","2026-02-04 09:36:01"
886,4,6,"High Alert","2026-02-15 12:36:01"
907,69,3,"Medium Risk","2026-03-02 14:36:01"
909,49,6,"High Alert","2026-03-04 01:36:01"
931,93,3,"Medium Risk","2026-02-27 07:36:01"
951,176,3,"Medium Risk","2026-02-05 18:36:01"
953,97,3,"Medium Risk","2026-03-05 21:36:01"
960,119,6,"High Alert","2026-02-25 21:36:01"
974,111,3,"Medium Risk","2026-02-06 22:36:01"
984,47,3,"Medium Risk","2026-02-06 21:36:01"
993,69,3,"Medium Risk","2026-02-25 11:36:01"
1002,186,3,"Medium Risk","2026-03-01 10:36:01"
1025,29,3,"Medium Risk","2026-02-17 15:36:01"
1027,73,3,"Medium Risk","2026-02-13 10:36:01"
1034,87,3,"Medium Risk","2026-02-20 12:36:01"
1039,33,3,"Medium Risk","2026-02-24 22:36:01"
1042,180,3,"Medium Risk","2026-02-16 05:36:01"
1060,69,3,"Medium Risk","2026-03-02 02:36:01"
1064,93,3,"Medium Risk","2026-03-04 07:36:01"
1095,163,3,"Medium Risk","2026-02-13 02:36:01"
1118,28,3,"Medium Risk","2026-02-14 13:36:01"
1123,6,3,"Medium Risk","2026-02-07 14:36:01"
1133,176,3,"Medium Risk","2026-02-15 21:36:01"
1142,181,3,"Medium Risk","2026-03-02 12:36:01"
1160,91,3,"Medium Risk","2026-02-18 09:36:01"
1174,144,3,"Medium Risk","2026-02-19 07:36:02"
1176,3,3,"Medium Risk","2026-02-04 11:36:02"
1188,17,3,"Medium Risk","2026-02-05 16:36:02"
1189,44,3,"Medium Risk","2026-03-04 00:36:02"
1206,1,3,"Medium Risk","2026-03-01 17:36:02"
1221,103,3,"Medium Risk","2026-02-14 16:36:02"
1228,165,3,"Medium Risk","2026-02-08 10:36:02"
1231,65,3,"Medium Risk","2026-03-02 11:36:02"
1232,43,3,"Medium Risk","2026-03-01 11:36:02"
1233,79,3,"Medium Risk","2026-02-04 12:36:02"
1307,65,3,"Medium Risk","2026-02-07 14:36:02"
1310,180,3,"Medium Risk","2026-02-27 09:36:02"
1320,190,3,"Medium Risk","2026-02-10 13:36:02"
1340,16,3,"Medium Risk","2026-02-19 19:36:02"
1345,68,3,"Medium Risk","2026-02-20 05:36:02"
1350,90,3,"Medium Risk","2026-02-11 06:36:02"
1357,9,3,"Medium Risk","2026-03-05 02:36:02"
1359,79,3,"Medium Risk","2026-02-12 03:36:02"
1360,143,3,"Medium Risk","2026-02-17 08:36:02"
1368,109,3,"Medium Risk","2026-02-22 09:36:02"
1384,91,3,"Medium Risk","2026-02-05 20:36:02"
1388,60,3,"Medium Risk","2026-02-08 16:36:02"
1394,163,3,"Medium Risk","2026-02-27 05:36:02"
1404,10,6,"High Alert","2026-02-18 05:36:02"
1414,126,3,"Medium Risk","2026-03-01 23:36:02"
1424,69,3,"Medium Risk","2026-02-27 04:36:02"
1457,186,3,"Medium Risk","2026-02-27 15:36:02"
1465,190,3,"Medium Risk","2026-02-15 16:36:02"
1477,43,3,"Medium Risk","2026-02-24 00:36:02"
1481,179,3,"Medium Risk","2026-02-11 11:36:02"
1486,99,3,"Medium Risk","2026-03-03 17:36:02"
1487,195,3,"Medium Risk","2026-02-14 03:36:02"
1492,88,3,"Medium Risk","2026-02-23 21:36:02"
1512,167,3,"Medium Risk","2026-02-10 00:36:02"
1520,167,6,"High Alert","2026-02-22 08:36:02"
1541,198,3,"Medium Risk","2026-02-24 16:36:02"
1542,139,3,"Medium Risk","2026-03-05 21:36:02"
1544,20,3,"Medium Risk","2026-02-28 16:36:02"
1546,122,3,"Medium Risk","2026-03-02 02:36:02"
1551,52,3,"Medium Risk","2026-03-03 00:36:02"
1560,63,3,"Medium Risk","2026-02-09 14:36:02"
1569,84,3,"Medium Risk","2026-02-09 10:36:03"
1575,166,3,"Medium Risk","2026-02-10 16:36:03"
1581,114,3,"Medium Risk","2026-02-15 17:36:03"
1598,143,3,"Medium Risk","2026-02-18 15:36:03"
1603,119,3,"Medium Risk","2026-02-04 04:36:03"
1615,106,6,"High Alert","2026-02-07 13:36:03"
1627,30,3,"Medium Risk","2026-02-22 02:36:03"
1629,167,3,"Medium Risk","2026-03-03 12:36:03"
1632,151,3,"Medium Risk","2026-02-20 03:36:03"
1652,60,3,"Medium Risk","2026-02-17 00:36:03"
1665,29,3,"Medium Risk","2026-02-27 22:36:03"
1669,118,3,"Medium Risk","2026-02-07 00:36:03"
1681,33,3,"Medium Risk","2026-03-01 01:36:03"
1739,149,3,"Medium Risk","2026-02-27 05:36:03"
1765,141,3,"Medium Risk","2026-02-26 21:36:03"
1769,96,3,"Medium Risk","2026-03-02 22:36:03"
1776,142,3,"Medium Risk","2026-02-05 08:36:03"
1777,168,6,"High Alert","2026-02-09 11:36:03"
1812,16,3,"Medium Risk","2026-02-05 15:36:03"
1814,58,3,"Medium Risk","2026-02-15 06:36:03"
1818,41,3,"Medium Risk","2026-03-03 20:36:03"
1822,167,3,"Medium Risk","2026-02-10 16:36:03"
1837,92,6,"High Alert","2026-03-03 00:36:03"
1866,69,3,"Medium Risk","2026-02-26 01:36:03"
1870,32,3,"Medium Risk","2026-03-04 10:36:03"
1871,88,3,"Medium Risk","2026-02-19 20:36:03"
1876,159,3,"Medium Risk","2026-03-01 08:36:03"
1885,183,3,"Medium Risk","2026-02-26 10:36:03"
1890,183,6,"High Alert","2026-02-12 18:36:03"
1910,76,3,"Medium Risk","2026-02-09 17:36:03"
1933,109,3,"Medium Risk","2026-02-22 11:36:03"
1941,12,3,"Medium Risk","2026-02-09 03:36:03"
1944,167,3,"Medium Risk","2026-02-23 05:36:03"
1964,171,3,"Medium Risk","2026-02-17 15:36:03"
1967,41,3,"Medium Risk","2026-02-24 09:36:03"
2000,78,3,"Medium Risk","2026-02-09 00:36:04"
2013,85,3,"Medium Risk","2026-02-14 06:36:04"
2037,31,3,"Medium Risk","2026-02-17 11:36:04"
2061,149,3,"Medium Risk","2026-02-08 20:36:04"
2062,63,3,"Medium Risk","2026-02-26 18:36:04"
2072,96,3,"Medium Risk","2026-02-13 06:36:04"
2082,105,3,"Medium Risk","2026-02-12 12:36:04"
2087,164,3,"Medium Risk","2026-02-15 19:36:04"
2090,5,3,"Medium Risk","2026-03-04 17:36:04"
2110,97,6,"High Alert","2026-02-04 19:36:04"
2146,88,3,"Medium Risk","2026-02-14 23:36:04"
2154,151,3,"Medium Risk","2026-02-16 10:36:04"
2163,15,3,"Medium Risk","2026-03-01 09:36:04"
2166,130,6,"High Alert","2026-02-12 13:36:04"
2173,164,3,"Medium Risk","2026-02-10 16:36:04"
2179,10,3,"Medium Risk","2026-02-06 22:36:04"
2187,35,3,"Medium Risk","2026-02-25 10:36:04"
2189,76,3,"Medium Risk","2026-02-11 23:36:04"
2217,8,3,"Medium Risk","2026-02-23 04:36:04"
2220,27,3,"Medium Risk","2026-02-08 20:36:04"
2232,22,6,"High Alert","2026-02-13 19:36:04"
2255,135,3,"Medium Risk","2026-02-10 05:36:04"
2274,144,3,"Medium Risk","2026-02-05 21:36:04"
2279,104,3,"Medium Risk","2026-02-20 12:36:04"
2297,41,3,"Medium Risk","2026-02-07 11:36:04"
2320,136,3,"Medium Risk","2026-02-25 22:36:04"
2321,100,3,"Medium Risk","2026-02-28 04:36:04"
2322,94,6,"High Alert","2026-02-24 22:36:04"
2332,14,3,"Medium Risk","2026-02-13 14:36:04"
2336,115,3,"Medium Risk","2026-02-16 07:36:04"
2364,185,3,"Medium Risk","2026-02-25 22:36:04"
2382,54,3,"Medium Risk","2026-02-20 02:36:05"
2384,78,3,"Medium Risk","2026-02-24 23:36:05"
2400,168,3,"Medium Risk","2026-02-14 08:36:05"
2426,65,3,"Medium Risk","2026-02-11 20:36:05"
2429,172,3,"Medium Risk","2026-02-21 01:36:05"
2430,180,3,"Medium Risk","2026-02-13 15:36:05"
2432,15,3,"Medium Risk","2026-02-26 07:36:05"
2447,118,3,"Medium Risk","2026-02-12 12:36:05"
2484,152,3,"Medium Risk","2026-02-20 13:36:05"
2485,93,3,"Medium Risk","2026-02-17 08:36:05"
2487,169,3,"Medium Risk","2026-02-12 04:36:05"
2490,48,3,"Medium Risk","2026-02-11 08:36:05"
2498,71,3,"Medium Risk","2026-02-28 08:36:05"
2506,83,3,"Medium Risk","2026-02-24 19:36:05"
2524,79,3,"Medium Risk","2026-03-02 21:36:05"
2531,151,3,"Medium Risk","2026-02-21 19:36:05"
2532,200,3,"Medium Risk","2026-02-13 05:36:05"
2537,40,3,"Medium Risk","2026-02-16 11:36:05"
2545,168,3,"Medium Risk","2026-03-01 16:36:05"
2550,86,3,"Medium Risk","2026-02-08 19:36:05"
2576,131,3,"Medium Risk","2026-02-11 21:36:05"
2594,49,3,"Medium Risk","2026-02-17 12:36:05"
2627,192,3,"Medium Risk","2026-02-15 23:36:05"
2656,190,3,"Medium Risk","2026-02-19 19:36:05"
2692,186,3,"Medium Risk","2026-03-01 23:36:05"
2698,164,3,"Medium Risk","2026-02-15 09:36:05"
2716,179,3,"Medium Risk","2026-02-23 18:36:05"
2721,179,3,"Medium Risk","2026-02-08 23:36:05"
2750,15,3,"Medium Risk","2026-02-09 20:36:05"
2761,152,3,"Medium Risk","2026-02-06 14:36:05"
2786,196,3,"Medium Risk","2026-02-14 03:36:06"
2792,193,3,"Medium Risk","2026-02-27 22:36:06"
2820,69,3,"Medium Risk","2026-02-11 15:36:06"
2843,55,3,"Medium Risk","2026-02-11 14:36:06"
2865,25,3,"Medium Risk","2026-02-19 13:36:06"
2866,29,3,"Medium Risk","2026-03-01 05:36:06"
2875,11,6,"High Alert","2026-02-11 02:36:06"
2883,146,3,"Medium Risk","2026-03-06 00:36:06"
2887,89,3,"Medium Risk","2026-02-08 14:36:06"
2890,76,3,"Medium Risk","2026-02-08 17:36:06"
2896,192,3,"Medium Risk","2026-02-25 02:36:06"
2913,20,3,"Medium Risk","2026-02-07 02:36:06"
2916,191,6,"High Alert","2026-02-05 04:36:06"
2932,97,3,"Medium Risk","2026-02-19 04:36:06"
2967,24,3,"Medium Risk","2026-03-02 11:36:06"
2982,43,3,"Medium Risk","2026-02-19 18:36:06"
2986,191,3,"Medium Risk","2026-03-01 15:36:06"
2995,171,3,"Medium Risk","2026-02-13 06:36:06"
2999,158,3,"Medium Risk","2026-02-15 13:36:06"
3015,169,3,"Medium Risk","2026-03-01 12:36:06"
3023,38,3,"Medium Risk","2026-02-11 02:36:06"
3040,105,3,"Medium Risk","2026-02-22 19:36:06"
3043,132,3,"Medium Risk","2026-02-07 06:36:06"
3073,118,3,"Medium Risk","2026-02-27 00:36:06"
3086,4,3,"Medium Risk","2026-03-04 23:36:06"
3092,39,3,"Medium Risk","2026-03-03 09:36:06"
3113,170,3,"Medium Risk","2026-02-09 18:36:06"
3139,133,3,"Medium Risk","2026-02-28 07:36:06"
3145,187,3,"Medium Risk","2026-02-21 01:36:06"
3149,139,3,"Medium Risk","2026-02-11 05:36:06"
3153,169,3,"Medium Risk","2026-02-08 21:36:06"
3156,29,3,"Medium Risk","2026-02-25 23:36:06"
3160,4,6,"High Alert","2026-02-15 12:36:06"
3191,8,3,"Medium Risk","2026-03-05 01:36:06"
3196,66,3,"Medium Risk","2026-02-19 23:36:06"
3205,190,3,"Medium Risk","2026-02-10 11:36:07"
3206,116,3,"Medium Risk","2026-02-12 19:36:07"
3208,82,6,"High Alert","2026-02-26 12:36:07"
3216,18,3,"Medium Risk","2026-02-21 16:36:07"
3276,161,3,"Medium Risk","2026-02-13 01:36:07"
3281,34,3,"Medium Risk","2026-02-08 08:36:07"
3287,30,3,"Medium Risk","2026-03-03 15:36:07"
3299,161,3,"Medium Risk","2026-02-28 05:36:07"
3321,166,3,"Medium Risk","2026-03-03 02:36:07"
3337,86,3,"Medium Risk","2026-02-11 18:36:07"
3347,54,3,"Medium Risk","2026-03-03 00:36:07"
3358,14,3,"Medium Risk","2026-03-01 04:36:07"
3362,177,3,"Medium Risk","2026-02-11 15:36:07"
3365,49,3,"Medium Risk","2026-03-01 11:36:07"
3366,72,3,"Medium Risk","2026-02-28 10:36:07"
3369,180,3,"Medium Risk","2026-02-23 20:36:07"
3383,31,3,"Medium Risk","2026-02-18 05:36:07"
3401,86,3,"Medium Risk","2026-03-03 07:36:07"
3434,108,3,"Medium Risk","2026-02-16 19:36:07"
3437,109,3,"Medium Risk","2026-02-23 04:36:07"
3456,166,3,"Medium Risk","2026-02-25 21:36:07"
3461,128,3,"Medium Risk","2026-02-12 01:36:07"
3476,91,3,"Medium Risk","2026-02-18 11:36:07"
3480,34,3,"Medium Risk","2026-02-09 09:36:07"
3482,99,3,"Medium Risk","2026-02-04 21:36:07"
3485,177,3,"Medium Risk","2026-03-03 10:36:07"
3534,2,3,"Medium Risk","2026-02-06 09:36:07"
3537,181,3,"Medium Risk","2026-02-15 06:36:07"
3543,15,6,"High Alert","2026-02-17 13:36:07"
3550,65,3,"Medium Risk","2026-03-04 22:36:07"
3551,92,3,"Medium Risk","2026-02-14 05:36:07"
3584,56,3,"Medium Risk","2026-02-20 22:36:07"
3589,184,6,"High Alert","2026-02-26 07:36:07"
3601,197,3,"Medium Risk","2026-02-17 12:36:08"
3634,88,3,"Medium Risk","2026-02-09 09:36:08"
3663,105,3,"Medium Risk","2026-02-22 10:36:08"
3677,27,3,"Medium Risk","2026-02-15 00:36:08"
3697,77,3,"Medium Risk","2026-02-25 11:36:08"
3704,13,6,"High Alert","2026-02-28 03:36:08"
3713,9,3,"Medium Risk","2026-02-25 16:36:08"
3715,159,3,"Medium Risk","2026-02-25 17:36:08"
3725,98,3,"Medium Risk","2026-02-25 17:36:08"
3731,26,3,"Medium Risk","2026-02-22 08:36:08"
3754,88,3,"Medium Risk","2026-02-22 09:36:08"
3762,112,3,"Medium Risk","2026-02-23 19:36:08"
3770,166,3,"Medium Risk","2026-02-11 07:36:08"
3782,122,3,"Medium Risk","2026-02-12 01:36:08"
3786,54,3,"Medium Risk","2026-02-21 00:36:08"
3789,64,6,"High Alert","2026-03-01 09:36:08"
3790,198,3,"Medium Risk","2026-02-18 20:36:08"
3795,73,3,"Medium Risk","2026-02-18 15:36:08"
3801,78,3,"Medium Risk","2026-02-06 11:36:08"
3802,193,3,"Medium Risk","2026-02-18 13:36:08"
3807,79,3,"Medium Risk","2026-02-19 07:36:08"
3811,84,3,"Medium Risk","2026-02-16 05:36:08"
3835,193,3,"Medium Risk","2026-03-03 22:36:08"
3856,117,3,"Medium Risk","2026-02-14 21:36:08"
3877,195,3,"Medium Risk","2026-02-13 00:36:08"
3883,15,3,"Medium Risk","2026-02-13 04:36:08"
3887,63,3,"Medium Risk","2026-02-28 08:36:08"
3900,86,3,"Medium Risk","2026-02-10 05:36:08"
3903,15,3,"Medium Risk","2026-03-03 13:36:08"
3912,139,6,"High Alert","2026-02-17 12:36:08"
3920,177,3,"Medium Risk","2026-02-25 02:36:08"
3931,9,3,"Medium Risk","2026-02-09 23:36:08"
3947,118,3,"Medium Risk","2026-02-17 04:36:08"
3953,101,3,"Medium Risk","2026-02-23 03:36:08"
3963,103,6,"High Alert","2026-02-20 06:36:08"
3970,20,3,"Medium Risk","2026-02-18 05:36:08"
3973,112,3,"Medium Risk","2026-02-17 21:36:08"
3979,62,3,"Medium Risk","2026-03-02 15:36:09"
3980,194,3,"Medium Risk","2026-03-05 17:36:09"
3990,135,3,"Medium Risk","2026-03-05 02:36:09"
3991,32,3,"Medium Risk","2026-02-07 22:36:09"
4026,19,3,"Medium Risk","2026-02-08 17:36:09"
4043,138,6,"High Alert","2026-02-07 15:36:09"
4070,171,3,"Medium Risk","2026-02-07 06:36:09"
4072,148,3,"Medium Risk","2026-02-22 23:36:09"
4092,113,3,"Medium Risk","2026-02-16 19:36:09"
4099,79,3,"Medium Risk","2026-03-03 10:36:09"
4106,126,3,"Medium Risk","2026-02-15 15:36:09"
4165,5,3,"Medium Risk","2026-02-14 03:36:09"
4167,22,3,"Medium Risk","2026-02-14 01:36:09"
4170,23,3,"Medium Risk","2026-02-16 11:36:09"
4180,192,3,"Medium Risk","2026-02-14 01:36:09"
4185,85,3,"Medium Risk","2026-03-04 14:36:09"
4189,49,3,"Medium Risk","2026-02-28 18:36:09"
4216,110,3,"Medium Risk","2026-02-09 02:36:09"
4238,105,3,"Medium Risk","2026-02-26 05:36:09"
4257,174,3,"Medium Risk","2026-03-03 04:36:09"
4260,25,3,"Medium Risk","2026-02-11 04:36:09"
4270,86,3,"Medium Risk","2026-02-07 23:36:09"
4285,106,3,"Medium Risk","2026-02-25 11:36:09"
4295,12,3,"Medium Risk","2026-02-20 09:36:09"
4297,136,3,"Medium Risk","2026-02-14 13:36:09"
4299,141,3,"Medium Risk","2026-02-06 19:36:09"
4357,105,3,"Medium Risk","2026-03-01 16:36:09"
4375,89,3,"Medium Risk","2026-02-17 08:36:09"
4381,43,3,"Medium Risk","2026-02-14 18:36:10"
4388,120,3,"Medium Risk","2026-02-17 10:36:10"
4393,142,3,"Medium Risk","2026-02-10 17:36:10"
4400,53,3,"Medium Risk","2026-02-21 19:36:10"
4413,113,3,"Medium Risk","2026-02-24 09:36:10"
4430,125,3,"Medium Risk","2026-02-17 06:36:10"
4434,170,6,"High Alert","2026-02-20 08:36:10"
4435,166,6,"High Alert","2026-02-23 13:36:10"
4441,14,3,"Medium Risk","2026-02-16 17:36:10"
4456,148,3,"Medium Risk","2026-02-21 10:36:10"
4479,24,3,"Medium Risk","2026-02-09 17:36:10"
4503,176,3,"Medium Risk","2026-02-04 23:36:10"
4548,157,3,"Medium Risk","2026-02-04 15:36:10"
4554,27,3,"Medium Risk","2026-02-05 04:36:10"
4567,43,3,"Medium Risk","2026-02-06 17:36:10"
4570,52,3,"Medium Risk","2026-02-23 20:36:10"
4572,122,3,"Medium Risk","2026-02-19 05:36:10"
4578,138,3,"Medium Risk","2026-02-10 19:36:10"
4589,4,3,"Medium Risk","2026-02-15 17:36:10"
4592,167,3,"Medium Risk","2026-02-28 04:36:10"
4596,12,3,"Medium Risk","2026-02-15 01:36:10"
4611,102,3,"Medium Risk","2026-02-28 11:36:10"
4617,146,3,"Medium Risk","2026-02-07 23:36:10"
4627,96,3,"Medium Risk","2026-02-14 00:36:10"
4630,8,3,"Medium Risk","2026-02-28 03:36:10"
4634,128,6,"High Alert","2026-02-12 02:36:10"
4650,84,3,"Medium Risk","2026-03-03 09:36:10"
4651,159,3,"Medium Risk","2026-02-05 00:36:10"
4668,189,3,"Medium Risk","2026-02-26 19:36:10"
4671,199,3,"Medium Risk","2026-02-22 17:36:10"
4688,178,3,"Medium Risk","2026-02-24 03:36:10"
4693,20,6,"High Alert","2026-02-20 13:36:10"
4718,169,3,"Medium Risk","2026-02-08 21:36:10"
4733,55,3,"Medium Risk","2026-03-05 12:36:10"
4734,88,3,"Medium Risk","2026-03-05 13:36:10"
4747,115,3,"Medium Risk","2026-02-04 07:36:10"
4759,115,3,"Medium Risk","2026-02-24 17:36:10"
4770,16,3,"Medium Risk","2026-03-01 18:36:10"
4771,126,6,"High Alert","2026-02-14 11:36:10"
4796,71,3,"Medium Risk","2026-03-02 07:36:10"
4801,66,3,"Medium Risk","2026-02-13 17:36:10"
4812,92,3,"Medium Risk","2026-02-21 09:36:10"
4823,72,3,"Medium Risk","2026-02-04 23:36:11"
4832,48,3,"Medium Risk","2026-02-15 11:36:11"
4836,145,3,"Medium Risk","2026-02-26 00:36:11"
4841,41,3,"Medium Risk","2026-02-26 16:36:11"
4843,192,3,"Medium Risk","2026-02-26 01:36:11"
4844,55,3,"Medium Risk","2026-02-16 01:36:11"
4853,13,3,"Medium Risk","2026-02-09 16:36:11"
4859,148,3,"Medium Risk","2026-03-01 08:36:11"
4870,138,3,"Medium Risk","2026-02-10 09:36:11"
4874,72,3,"Medium Risk","2026-02-12 18:36:11"
4876,104,3,"Medium Risk","2026-02-24 20:36:11"
4891,188,3,"Medium Risk","2026-02-18 02:36:11"
4895,25,3,"Medium Risk","2026-02-27 18:36:11"
4918,52,3,"Medium Risk","2026-02-14 13:36:11"
4929,3,3,"Medium Risk","2026-02-20 06:36:11"
4931,137,3,"Medium Risk","2026-02-25 23:36:11"
4940,109,3,"Medium Risk","2026-02-26 10:36:11"
4958,131,6,"High Alert","2026-02-19 07:36:11"
4973,113,3,"Medium Risk","2026-02-15 03:36:11"
4977,108,3,"Medium Risk","2026-02-24 10:36:11"
4987,9,3,"Medium Risk","2026-02-09 03:36:11"
4999,72,3,"Medium Risk","2026-02-12 15:36:11"
7,22,3,"Medium Risk","2026-03-04 19:35:59"
14,88,3,"Medium Risk","2026-02-14 16:35:59"
17,111,3,"Medium Risk","2026-02-17 02:35:59"
49,39,3,"Medium Risk","2026-03-03 21:35:59"
77,113,3,"Medium Risk","2026-02-20 02:35:59"
84,125,3,"Medium Risk","2026-02-28 08:35:59"
85,94,3,"Medium Risk","2026-02-08 14:35:59"
146,124,3,"Medium Risk","2026-02-11 17:35:59"
178,35,3,"Medium Risk","2026-03-02 02:35:59"
206,154,3,"Medium Risk","2026-02-26 14:35:59"
212,16,3,"Medium Risk","2026-02-21 15:35:59"
229,77,3,"Medium Risk","2026-02-28 00:35:59"
237,113,3,"Medium Risk","2026-02-19 09:35:59"
243,54,3,"Medium Risk","2026-02-15 09:35:59"
247,6,3,"Medium Risk","2026-03-01 07:35:59"
249,136,3,"Medium Risk","2026-02-21 00:35:59"
273,148,3,"Medium Risk","2026-02-10 08:35:59"
288,37,6,"High Alert","2026-02-24 16:35:59"
308,74,3,"Medium Risk","2026-02-17 15:35:59"
310,180,3,"Medium Risk","2026-02-18 20:35:59"
330,20,3,"Medium Risk","2026-02-09 23:35:59"
344,50,3,"Medium Risk","2026-02-05 02:35:59"
352,186,3,"Medium Risk","2026-02-28 09:35:59"
368,80,3,"Medium Risk","2026-02-24 06:36:00"
369,7,3,"Medium Risk","2026-02-12 08:36:00"
427,143,3,"Medium Risk","2026-02-15 01:36:00"
428,121,3,"Medium Risk","2026-03-03 18:36:00"
435,158,3,"Medium Risk","2026-03-03 15:36:00"
437,57,3,"Medium Risk","2026-03-01 18:36:00"
441,110,3,"Medium Risk","2026-02-04 19:36:00"
461,131,6,"High Alert","2026-02-20 11:36:00"
476,147,3,"Medium Risk","2026-02-20 08:36:00"
485,23,3,"Medium Risk","2026-02-12 23:36:00"
491,189,3,"Medium Risk","2026-02-14 00:36:00"
525,193,3,"Medium Risk","2026-02-07 14:36:00"
537,32,3,"Medium Risk","2026-02-28 08:36:00"
540,51,3,"Medium Risk","2026-02-13 03:36:00"
541,135,3,"Medium Risk","2026-02-25 23:36:00"
544,125,3,"Medium Risk","2026-02-15 12:36:00"
550,49,3,"Medium Risk","2026-02-08 05:36:00"
554,28,3,"Medium Risk","2026-02-22 00:36:00"
555,135,3,"Medium Risk","2026-02-18 16:36:00"
561,108,3,"Medium Risk","2026-02-23 06:36:00"
566,117,3,"Medium Risk","2026-03-03 11:36:00"
581,73,3,"Medium Risk","2026-02-14 04:36:00"
596,26,6,"High Alert","2026-03-01 19:36:00"
608,152,3,"Medium Risk","2026-02-12 12:36:00"
644,98,3,"Medium Risk","2026-02-04 07:36:00"
646,63,3,"Medium Risk","2026-02-19 12:36:00"
649,65,3,"Medium Risk","2026-02-23 22:36:00"
670,111,3,"Medium Risk","2026-02-08 09:36:00"
673,7,3,"Medium Risk","2026-02-18 23:36:00"
680,73,3,"Medium Risk","2026-03-03 08:36:00"
716,127,3,"Medium Risk","2026-02-24 00:36:00"
734,164,3,"Medium Risk","2026-03-03 15:36:00"
737,148,3,"Medium Risk","2026-02-08 22:36:00"
739,32,3,"Medium Risk","2026-02-17 10:36:00"
760,120,3,"Medium Risk","2026-02-17 06:36:00"
787,18,3,"Medium Risk","2026-02-07 01:36:01"
804,196,6,"High Alert","2026-02-28 04:36:01"
836,190,3,"Medium Risk","2026-02-17 06:36:01"
846,91,3,"Medium Risk","2026-02-08 14:36:01"
852,108,3,"Medium Risk","2026-03-01 00:36:01"
862,51,3,"Medium Risk","2026-02-10 05:36:01"
863,50,3,"Medium Risk","2026-03-03 01:36:01"
874,132,3,"Medium Risk","2026-02-06 14:36:01"
888,8,3,"Medium Risk","2026-02-18 04:36:01"
894,159,3,"Medium Risk","2026-03-03 10:36:01"
900,128,3,"Medium Risk","2026-02-07 14:36:01"
904,140,3,"Medium Risk","2026-02-25 12:36:01"
930,22,3,"Medium Risk","2026-02-13 01:36:01"
943,9,3,"Medium Risk","2026-02-15 14:36:01"
947,100,3,"Medium Risk","2026-02-06 20:36:01"
967,132,3,"Medium Risk","2026-02-18 15:36:01"
971,153,3,"Medium Risk","2026-02-07 00:36:01"
981,99,3,"Medium Risk","2026-03-03 16:36:01"
986,151,3,"Medium Risk","2026-02-16 18:36:01"
1018,57,3,"Medium Risk","2026-02-25 08:36:01"
1031,90,3,"Medium Risk","2026-02-23 23:36:01"
1045,114,3,"Medium Risk","2026-02-10 17:36:01"
1075,183,3,"Medium Risk","2026-02-08 15:36:01"
1076,59,3,"Medium Risk","2026-02-24 23:36:01"
1079,67,3,"Medium Risk","2026-02-24 15:36:01"
1083,76,6,"High Alert","2026-02-17 08:36:01"
1087,147,3,"Medium Risk","2026-02-26 15:36:01"
1101,37,3,"Medium Risk","2026-02-26 22:36:01"
1103,174,3,"Medium Risk","2026-02-27 20:36:01"
1106,70,3,"Medium Risk","2026-03-01 13:36:01"
1124,6,3,"Medium Risk","2026-02-27 16:36:01"
1128,190,3,"Medium Risk","2026-02-16 04:36:01"
1134,162,3,"Medium Risk","2026-02-21 18:36:01"
1139,170,3,"Medium Risk","2026-03-03 00:36:01"
1140,164,3,"Medium Risk","2026-02-22 11:36:01"
1147,160,3,"Medium Risk","2026-02-19 22:36:01"
1171,4,3,"Medium Risk","2026-03-02 23:36:02"
1179,31,3,"Medium Risk","2026-03-02 01:36:02"
1197,164,3,"Medium Risk","2026-02-21 01:36:02"
1203,92,3,"Medium Risk","2026-02-24 17:36:02"
1205,142,6,"High Alert","2026-03-03 01:36:02"
1217,173,6,"High Alert","2026-02-12 00:36:02"
1218,161,3,"Medium Risk","2026-02-13 21:36:02"
1239,180,3,"Medium Risk","2026-02-23 14:36:02"
1251,57,3,"Medium Risk","2026-03-02 08:36:02"
1261,152,3,"Medium Risk","2026-02-12 18:36:02"
1266,112,3,"Medium Risk","2026-02-24 11:36:02"
1280,120,3,"Medium Risk","2026-03-04 04:36:02"
1282,136,3,"Medium Risk","2026-02-11 17:36:02"
1303,151,3,"Medium Risk","2026-02-27 13:36:02"
1305,55,3,"Medium Risk","2026-02-12 15:36:02"
1322,170,3,"Medium Risk","2026-03-01 02:36:02"
1364,180,3,"Medium Risk","2026-02-20 02:36:02"
1370,74,3,"Medium Risk","2026-02-05 09:36:02"
1377,121,3,"Medium Risk","2026-02-04 11:36:02"
1387,53,3,"Medium Risk","2026-02-24 14:36:02"
1389,51,3,"Medium Risk","2026-02-28 08:36:02"
1409,25,3,"Medium Risk","2026-02-13 13:36:02"
1417,13,3,"Medium Risk","2026-03-02 08:36:02"
1427,6,3,"Medium Risk","2026-02-08 05:36:02"
1431,65,3,"Medium Risk","2026-02-06 03:36:02"
1446,104,3,"Medium Risk","2026-02-07 11:36:02"
1449,1,6,"High Alert","2026-02-27 02:36:02"
1456,88,3,"Medium Risk","2026-02-22 14:36:02"
1461,186,3,"Medium Risk","2026-02-20 11:36:02"
1462,100,3,"Medium Risk","2026-02-06 14:36:02"
1494,113,3,"Medium Risk","2026-02-27 10:36:02"
1499,181,3,"Medium Risk","2026-02-19 05:36:02"
1507,39,3,"Medium Risk","2026-02-20 04:36:02"
1519,171,3,"Medium Risk","2026-02-28 12:36:02"
1561,145,3,"Medium Risk","2026-02-25 17:36:02"
1566,70,3,"Medium Risk","2026-02-20 18:36:03"
1572,154,3,"Medium Risk","2026-03-02 17:36:03"
1609,194,3,"Medium Risk","2026-02-08 01:36:03"
1624,123,3,"Medium Risk","2026-02-05 15:36:03"
1654,147,3,"Medium Risk","2026-02-18 14:36:03"
1659,93,6,"High Alert","2026-02-25 20:36:03"
1661,72,3,"Medium Risk","2026-02-16 06:36:03"
1678,74,3,"Medium Risk","2026-02-08 03:36:03"
1684,29,3,"Medium Risk","2026-02-18 23:36:03"
1695,42,3,"Medium Risk","2026-02-19 01:36:03"
1697,69,3,"Medium Risk","2026-02-25 11:36:03"
1702,78,3,"Medium Risk","2026-02-06 07:36:03"
1708,84,3,"Medium Risk","2026-02-12 17:36:03"
1709,185,3,"Medium Risk","2026-02-18 02:36:03"
1718,163,3,"Medium Risk","2026-02-19 20:36:03"
1719,81,3,"Medium Risk","2026-02-24 20:36:03"
1725,37,3,"Medium Risk","2026-02-15 10:36:03"
1731,198,3,"Medium Risk","2026-02-14 20:36:03"
1753,32,3,"Medium Risk","2026-02-24 03:36:03"
1778,9,3,"Medium Risk","2026-03-05 14:36:03"
1842,42,3,"Medium Risk","2026-02-18 15:36:03"
1859,188,3,"Medium Risk","2026-02-26 18:36:03"
1875,72,3,"Medium Risk","2026-03-04 15:36:03"
1913,159,3,"Medium Risk","2026-02-21 12:36:03"
1938,129,6,"High Alert","2026-02-18 13:36:03"
1940,197,3,"Medium Risk","2026-02-05 10:36:03"
1950,87,3,"Medium Risk","2026-03-02 23:36:03"
1982,123,3,"Medium Risk","2026-03-05 19:36:03"
2026,176,3,"Medium Risk","2026-02-21 11:36:04"
2030,20,3,"Medium Risk","2026-02-07 23:36:04"
2034,171,3,"Medium Risk","2026-02-21 06:36:04"
2054,22,3,"Medium Risk","2026-02-17 03:36:04"
2076,126,6,"High Alert","2026-02-25 03:36:04"
2077,8,3,"Medium Risk","2026-02-10 03:36:04"
2095,199,3,"Medium Risk","2026-02-23 04:36:04"
2100,152,3,"Medium Risk","2026-02-06 09:36:04"
2115,194,3,"Medium Risk","2026-02-23 09:36:04"
2119,81,3,"Medium Risk","2026-02-10 05:36:04"
2128,146,3,"Medium Risk","2026-03-03 15:36:04"
2129,126,3,"Medium Risk","2026-02-08 13:36:04"
2131,118,3,"Medium Risk","2026-02-05 07:36:04"
2140,125,3,"Medium Risk","2026-02-06 11:36:04"
2141,100,3,"Medium Risk","2026-02-18 21:36:04"
2168,66,3,"Medium Risk","2026-02-26 14:36:04"
2170,4,3,"Medium Risk","2026-02-19 12:36:04"
2178,17,3,"Medium Risk","2026-02-25 11:36:04"
2188,194,6,"High Alert","2026-03-03 17:36:04"
2210,142,3,"Medium Risk","2026-02-20 01:36:04"
2215,139,3,"Medium Risk","2026-02-16 15:36:04"
2219,177,3,"Medium Risk","2026-02-25 21:36:04"
2233,134,3,"Medium Risk","2026-02-16 10:36:04"
2235,111,3,"Medium Risk","2026-03-03 22:36:04"
2283,61,3,"Medium Risk","2026-03-05 13:36:04"
2304,132,3,"Medium Risk","2026-02-16 10:36:04"
2306,33,3,"Medium Risk","2026-02-13 03:36:04"
2350,151,3,"Medium Risk","2026-02-26 11:36:04"
2374,170,6,"High Alert","2026-02-27 04:36:04"
2383,30,3,"Medium Risk","2026-02-23 08:36:05"
2388,48,6,"High Alert","2026-02-28 09:36:05"
2437,59,3,"Medium Risk","2026-02-11 01:36:05"
2442,74,3,"Medium Risk","2026-03-01 05:36:05"
2451,119,3,"Medium Risk","2026-03-03 02:36:05"
2460,54,3,"Medium Risk","2026-03-04 00:36:05"
2461,38,3,"Medium Risk","2026-02-22 20:36:05"
2466,161,3,"Medium Risk","2026-02-09 07:36:05"
2469,200,3,"Medium Risk","2026-03-02 04:36:05"
2486,172,3,"Medium Risk","2026-02-24 12:36:05"
2491,177,3,"Medium Risk","2026-02-16 13:36:05"
2495,160,3,"Medium Risk","2026-02-28 12:36:05"
2496,119,3,"Medium Risk","2026-02-13 05:36:05"
2516,148,3,"Medium Risk","2026-02-21 16:36:05"
2538,7,6,"High Alert","2026-02-04 21:36:05"
2540,150,3,"Medium Risk","2026-02-07 11:36:05"
2562,49,3,"Medium Risk","2026-02-07 07:36:05"
2567,101,3,"Medium Risk","2026-02-18 05:36:05"
2575,1,3,"Medium Risk","2026-02-11 13:36:05"
2587,184,3,"Medium Risk","2026-02-04 03:36:05"
2621,183,3,"Medium Risk","2026-02-28 12:36:05"
2624,50,3,"Medium Risk","2026-02-15 09:36:05"
2642,147,3,"Medium Risk","2026-02-19 16:36:05"
2649,66,3,"Medium Risk","2026-02-21 04:36:05"
2653,93,3,"Medium Risk","2026-03-06 00:36:05"
2655,83,3,"Medium Risk","2026-02-10 16:36:05"
2678,115,3,"Medium Risk","2026-02-04 08:36:05"
2682,178,3,"Medium Risk","2026-02-07 00:36:05"
2683,123,3,"Medium Risk","2026-03-01 11:36:05"
2691,175,3,"Medium Risk","2026-02-22 11:36:05"
2695,14,3,"Medium Risk","2026-02-22 07:36:05"
2702,162,3,"Medium Risk","2026-02-23 09:36:05"
2723,129,3,"Medium Risk","2026-03-05 22:36:05"
2724,165,3,"Medium Risk","2026-02-08 23:36:05"
2745,30,3,"Medium Risk","2026-02-25 19:36:05"
2747,4,3,"Medium Risk","2026-02-27 06:36:05"
2756,106,3,"Medium Risk","2026-02-10 09:36:05"
2759,64,3,"Medium Risk","2026-03-01 23:36:05"
2765,141,6,"High Alert","2026-02-27 17:36:05"
2782,14,3,"Medium Risk","2026-02-05 09:36:06"
2829,90,3,"Medium Risk","2026-02-18 01:36:06"
2862,133,3,"Medium Risk","2026-02-06 23:36:06"
2863,194,3,"Medium Risk","2026-02-18 04:36:06"
2876,11,6,"High Alert","2026-03-05 16:36:06"
2897,52,3,"Medium Risk","2026-02-26 10:36:06"
2908,155,3,"Medium Risk","2026-03-03 03:36:06"
2918,104,3,"Medium Risk","2026-02-26 23:36:06"
2942,150,3,"Medium Risk","2026-02-11 18:36:06"
2946,56,3,"Medium Risk","2026-02-04 20:36:06"
2953,60,3,"Medium Risk","2026-02-23 07:36:06"
2956,6,3,"Medium Risk","2026-02-18 06:36:06"
2960,194,6,"High Alert","2026-03-04 21:36:06"
3006,187,3,"Medium Risk","2026-03-02 16:36:06"
3011,72,6,"High Alert","2026-02-10 03:36:06"
3012,2,3,"Medium Risk","2026-02-12 02:36:06"
3032,69,3,"Medium Risk","2026-02-23 04:36:06"
3042,182,3,"Medium Risk","2026-02-24 17:36:06"
3056,14,3,"Medium Risk","2026-02-22 15:36:06"
3076,128,3,"Medium Risk","2026-02-17 06:36:06"
3112,158,3,"Medium Risk","2026-02-23 18:36:06"
3129,184,3,"Medium Risk","2026-02-18 21:36:06"
3135,82,3,"Medium Risk","2026-02-10 01:36:06"
3150,200,3,"Medium Risk","2026-02-15 19:36:06"
3157,180,3,"Medium Risk","2026-02-08 17:36:06"
3189,169,3,"Medium Risk","2026-02-20 08:36:06"
3190,173,3,"Medium Risk","2026-03-03 12:36:06"
3217,184,3,"Medium Risk","2026-02-06 15:36:07"
3221,105,3,"Medium Risk","2026-02-11 03:36:07"
3254,169,3,"Medium Risk","2026-02-12 02:36:07"
3256,195,3,"Medium Risk","2026-02-11 11:36:07"
3257,189,3,"Medium Risk","2026-03-02 07:36:07"
3280,63,3,"Medium Risk","2026-03-05 08:36:07"
3282,93,3,"Medium Risk","2026-02-07 04:36:07"
3290,107,3,"Medium Risk","2026-02-28 11:36:07"
3304,90,3,"Medium Risk","2026-02-16 18:36:07"
3310,150,3,"Medium Risk","2026-03-03 20:36:07"
3334,134,3,"Medium Risk","2026-02-14 03:36:07"
3356,200,3,"Medium Risk","2026-02-15 13:36:07"
3386,138,3,"Medium Risk","2026-02-19 13:36:07"
3387,98,3,"Medium Risk","2026-02-21 10:36:07"
3390,55,3,"Medium Risk","2026-02-11 00:36:07"
3407,30,3,"Medium Risk","2026-02-11 12:36:07"
3410,40,3,"Medium Risk","2026-02-08 15:36:07"
3417,169,3,"Medium Risk","2026-02-04 22:36:07"
3418,16,3,"Medium Risk","2026-02-07 10:36:07"
3424,92,3,"Medium Risk","2026-02-23 11:36:07"
3425,11,3,"Medium Risk","2026-02-08 01:36:07"
3462,172,3,"Medium Risk","2026-02-23 08:36:07"
3469,74,3,"Medium Risk","2026-02-18 03:36:07"
3503,155,3,"Medium Risk","2026-02-14 07:36:07"
3509,70,3,"Medium Risk","2026-03-03 23:36:07"
3524,168,3,"Medium Risk","2026-02-27 05:36:07"
3539,181,3,"Medium Risk","2026-02-26 08:36:07"
3581,141,3,"Medium Risk","2026-03-01 14:36:07"
3587,162,3,"Medium Risk","2026-02-23 08:36:07"
3595,147,3,"Medium Risk","2026-02-19 20:36:08"
3604,93,6,"High Alert","2026-02-20 03:36:08"
3611,58,3,"Medium Risk","2026-02-20 02:36:08"
3628,186,3,"Medium Risk","2026-02-19 02:36:08"
3669,192,3,"Medium Risk","2026-02-09 14:36:08"
3670,42,3,"Medium Risk","2026-02-20 04:36:08"
3683,94,3,"Medium Risk","2026-03-03 15:36:08"
3684,45,3,"Medium Risk","2026-02-06 16:36:08"
3718,62,3,"Medium Risk","2026-02-07 02:36:08"
3733,171,3,"Medium Risk","2026-02-20 08:36:08"
3735,91,3,"Medium Risk","2026-02-24 18:36:08"
3760,110,3,"Medium Risk","2026-02-21 10:36:08"
3783,13,3,"Medium Risk","2026-02-20 21:36:08"
3787,145,3,"Medium Risk","2026-02-24 04:36:08"
3791,77,3,"Medium Risk","2026-02-24 18:36:08"
3809,174,3,"Medium Risk","2026-02-19 18:36:08"
3816,16,3,"Medium Risk","2026-02-17 17:36:08"
3823,120,3,"Medium Risk","2026-02-15 22:36:08"
3849,37,3,"Medium Risk","2026-03-03 18:36:08"
3854,187,3,"Medium Risk","2026-02-07 17:36:08"
3858,71,3,"Medium Risk","2026-02-11 04:36:08"
3884,173,3,"Medium Risk","2026-02-15 20:36:08"
3890,88,3,"Medium Risk","2026-02-12 04:36:08"
3914,111,3,"Medium Risk","2026-02-15 04:36:08"
3926,110,3,"Medium Risk","2026-03-04 13:36:08"
3930,176,3,"Medium Risk","2026-02-15 11:36:08"
3935,169,3,"Medium Risk","2026-02-25 04:36:08"
3942,114,3,"Medium Risk","2026-03-03 17:36:08"
3943,163,3,"Medium Risk","2026-02-06 19:36:08"
3952,173,3,"Medium Risk","2026-02-27 02:36:08"
3957,24,3,"Medium Risk","2026-02-12 09:36:08"
3981,57,3,"Medium Risk","2026-02-04 17:36:09"
3995,103,3,"Medium Risk","2026-02-22 03:36:09"
4007,17,3,"Medium Risk","2026-03-04 02:36:09"
4010,164,3,"Medium Risk","2026-02-28 05:36:09"
4016,30,3,"Medium Risk","2026-03-03 00:36:09"
4032,99,3,"Medium Risk","2026-02-13 06:36:09"
4034,103,3,"Medium Risk","2026-02-25 14:36:09"
4077,36,3,"Medium Risk","2026-02-14 23:36:09"
4094,196,3,"Medium Risk","2026-02-20 01:36:09"
4108,13,3,"Medium Risk","2026-02-11 06:36:09"
4144,161,3,"Medium Risk","2026-02-22 02:36:09"
4162,38,3,"Medium Risk","2026-03-05 20:36:09"
4178,61,3,"Medium Risk","2026-02-23 20:36:09"
4198,78,6,"High Alert","2026-02-13 02:36:09"
4207,17,3,"Medium Risk","2026-02-14 15:36:09"
4219,101,3,"Medium Risk","2026-03-03 04:36:09"
4229,21,3,"Medium Risk","2026-02-12 15:36:09"
4233,136,6,"High Alert","2026-02-10 03:36:09"
4240,144,3,"Medium Risk","2026-02-20 01:36:09"
4249,77,3,"Medium Risk","2026-02-04 19:36:09"
4283,106,3,"Medium Risk","2026-03-04 20:36:09"
4298,121,3,"Medium Risk","2026-02-05 13:36:09"
4317,46,3,"Medium Risk","2026-02-13 16:36:09"
4318,129,3,"Medium Risk","2026-02-16 13:36:09"
4322,62,3,"Medium Risk","2026-03-01 23:36:09"
4366,149,3,"Medium Risk","2026-02-23 03:36:09"
4383,60,3,"Medium Risk","2026-03-02 23:36:10"
4414,26,3,"Medium Risk","2026-03-03 22:36:10"
4419,170,3,"Medium Risk","2026-02-14 17:36:10"
4427,156,3,"Medium Risk","2026-02-19 01:36:10"
4432,137,3,"Medium Risk","2026-02-12 22:36:10"
4451,89,3,"Medium Risk","2026-02-08 12:36:10"
4471,61,3,"Medium Risk","2026-02-10 21:36:10"
4474,112,3,"Medium Risk","2026-02-08 11:36:10"
4505,43,3,"Medium Risk","2026-02-18 04:36:10"
4510,34,3,"Medium Risk","2026-02-15 05:36:10"
4523,49,3,"Medium Risk","2026-02-24 09:36:10"
4547,147,3,"Medium Risk","2026-02-13 16:36:10"
4583,48,3,"Medium Risk","2026-02-13 07:36:10"
4609,8,3,"Medium Risk","2026-02-23 11:36:10"
4610,156,3,"Medium Risk","2026-03-04 06:36:10"
4621,160,3,"Medium Risk","2026-02-15 21:36:10"
4626,157,3,"Medium Risk","2026-02-22 16:36:10"
4655,156,3,"Medium Risk","2026-02-08 02:36:10"
4656,10,3,"Medium Risk","2026-03-01 13:36:10"
4661,101,3,"Medium Risk","2026-02-09 23:36:10"
4663,98,3,"Medium Risk","2026-02-13 17:36:10"
4681,134,3,"Medium Risk","2026-02-12 18:36:10"
4691,181,6,"High Alert","2026-02-16 00:36:10"
4700,19,3,"Medium Risk","2026-03-02 02:36:10"
4711,144,3,"Medium Risk","2026-02-10 00:36:10"
4716,142,3,"Medium Risk","2026-02-22 14:36:10"
4720,172,3,"Medium Risk","2026-02-04 02:36:10"
4746,153,3,"Medium Risk","2026-02-05 00:36:10"
4776,81,3,"Medium Risk","2026-02-13 07:36:10"
4789,175,3,"Medium Risk","2026-02-11 22:36:10"
4815,49,3,"Medium Risk","2026-02-28 14:36:10"
4819,154,3,"Medium Risk","2026-02-10 05:36:11"
4821,139,3,"Medium Risk","2026-02-05 16:36:11"
4826,27,3,"Medium Risk","2026-02-06 08:36:11"
4852,150,3,"Medium Risk","2026-02-23 13:36:11"
4855,77,3,"Medium Risk","2026-02-23 20:36:11"
4863,91,3,"Medium Risk","2026-02-13 14:36:11"
4864,150,3,"Medium Risk","2026-02-11 21:36:11"
4867,181,3,"Medium Risk","2026-02-13 17:36:11"
4871,17,3,"Medium Risk","2026-02-07 17:36:11"
4872,186,3,"Medium Risk","2026-02-15 17:36:11"
4880,130,6,"High Alert","2026-02-18 13:36:11"
4883,50,3,"Medium Risk","2026-02-12 08:36:11"
4898,77,3,"Medium Risk","2026-02-07 11:36:11"
4901,173,3,"Medium Risk","2026-02-22 22:36:11"
4922,132,3,"Medium Risk","2026-02-08 02:36:11"
4934,93,3,"Medium Risk","2026-02-16 16:36:11"
4936,115,3,"Medium Risk","2026-02-19 01:36:11"
4948,74,3,"Medium Risk","2026-02-12 08:36:11"
4949,186,3,"Medium Risk","2026-02-04 04:36:11"
4957,39,3,"Medium Risk","2026-03-04 08:36:11"
4960,34,3,"Medium Risk","2026-02-08 04:36:11"
4965,33,3,"Medium Risk","2026-02-23 02:36:11"
4975,123,3,"Medium Risk","2026-02-21 15:36:11"
4983,1,3,"Medium Risk","2026-02-27 18:36:11"
4994,71,3,"Medium Risk","2026-02-15 17:36:11"
4995,176,3,"Medium Risk","2026-02-28 21:36:11"
13,68,3,"Medium Risk","2026-02-06 18:35:59"
23,55,3,"Medium Risk","2026-02-21 20:35:59"
45,1,3,"Medium Risk","2026-02-17 19:35:59"
51,66,3,"Medium Risk","2026-02-23 03:35:59"
66,99,3,"Medium Risk","2026-03-03 02:35:59"
74,116,3,"Medium Risk","2026-02-17 15:35:59"
88,5,3,"Medium Risk","2026-03-01 07:35:59"
100,184,3,"Medium Risk","2026-03-03 12:35:59"
110,184,3,"Medium Risk","2026-02-22 23:35:59"
112,26,3,"Medium Risk","2026-02-28 11:35:59"
125,53,3,"Medium Risk","2026-03-01 03:35:59"
165,5,3,"Medium Risk","2026-02-13 16:35:59"
213,123,3,"Medium Risk","2026-02-07 07:35:59"
220,163,3,"Medium Risk","2026-03-04 01:35:59"
225,119,3,"Medium Risk","2026-02-10 14:35:59"
232,174,3,"Medium Risk","2026-02-27 16:35:59"
280,41,3,"Medium Risk","2026-02-16 01:35:59"
290,157,3,"Medium Risk","2026-02-10 17:35:59"
293,189,3,"Medium Risk","2026-02-27 01:35:59"
297,31,3,"Medium Risk","2026-02-05 23:35:59"
300,122,3,"Medium Risk","2026-03-03 01:35:59"
333,159,3,"Medium Risk","2026-02-18 03:35:59"
385,56,3,"Medium Risk","2026-03-02 10:36:00"
400,68,3,"Medium Risk","2026-02-18 00:36:00"
405,182,3,"Medium Risk","2026-02-25 03:36:00"
426,138,3,"Medium Risk","2026-02-13 13:36:00"
444,22,3,"Medium Risk","2026-02-23 00:36:00"
506,109,3,"Medium Risk","2026-02-07 20:36:00"
512,102,3,"Medium Risk","2026-02-14 14:36:00"
517,146,6,"High Alert","2026-02-22 02:36:00"
520,32,3,"Medium Risk","2026-02-17 05:36:00"
533,14,3,"Medium Risk","2026-02-14 05:36:00"
535,84,3,"Medium Risk","2026-02-23 11:36:00"
622,108,3,"Medium Risk","2026-02-11 04:36:00"
628,124,3,"Medium Risk","2026-03-05 18:36:00"
640,101,3,"Medium Risk","2026-02-05 20:36:00"
658,92,3,"Medium Risk","2026-02-18 21:36:00"
659,86,3,"Medium Risk","2026-02-28 23:36:00"
662,129,3,"Medium Risk","2026-02-17 09:36:00"
665,9,3,"Medium Risk","2026-02-26 09:36:00"
685,74,6,"High Alert","2026-02-18 20:36:00"
688,48,3,"Medium Risk","2026-03-02 08:36:00"
733,133,3,"Medium Risk","2026-02-23 17:36:00"
745,121,3,"Medium Risk","2026-02-18 17:36:00"
777,177,3,"Medium Risk","2026-02-28 23:36:01"
791,24,3,"Medium Risk","2026-02-11 14:36:01"
813,66,3,"Medium Risk","2026-02-09 16:36:01"
818,4,6,"High Alert","2026-02-22 04:36:01"
869,45,3,"Medium Risk","2026-02-18 04:36:01"
870,83,3,"Medium Risk","2026-02-27 08:36:01"
872,29,3,"Medium Risk","2026-02-08 21:36:01"
897,57,3,"Medium Risk","2026-02-09 10:36:01"
899,6,3,"Medium Risk","2026-03-02 23:36:01"
917,84,3,"Medium Risk","2026-02-15 17:36:01"
938,89,3,"Medium Risk","2026-02-19 16:36:01"
944,161,3,"Medium Risk","2026-02-10 22:36:01"
945,172,3,"Medium Risk","2026-02-16 15:36:01"
954,130,3,"Medium Risk","2026-03-04 17:36:01"
976,52,3,"Medium Risk","2026-02-14 00:36:01"
991,197,3,"Medium Risk","2026-02-13 01:36:01"
1001,4,3,"Medium Risk","2026-02-26 10:36:01"
1015,163,3,"Medium Risk","2026-02-17 18:36:01"
1043,26,3,"Medium Risk","2026-02-11 01:36:01"
1053,2,3,"Medium Risk","2026-02-25 23:36:01"
1109,144,3,"Medium Risk","2026-02-19 15:36:01"
1110,57,3,"Medium Risk","2026-02-10 23:36:01"
1117,151,3,"Medium Risk","2026-02-15 13:36:01"
1158,99,3,"Medium Risk","2026-02-22 22:36:01"
1169,77,3,"Medium Risk","2026-02-17 15:36:02"
1178,69,3,"Medium Risk","2026-02-13 15:36:02"
1181,119,3,"Medium Risk","2026-02-12 03:36:02"
1194,144,3,"Medium Risk","2026-02-15 13:36:02"
1222,147,3,"Medium Risk","2026-02-05 15:36:02"
1243,1,3,"Medium Risk","2026-02-22 12:36:02"
1262,14,3,"Medium Risk","2026-02-22 08:36:02"
1263,122,3,"Medium Risk","2026-02-14 07:36:02"
1294,28,3,"Medium Risk","2026-02-15 10:36:02"
1297,164,3,"Medium Risk","2026-02-28 12:36:02"
1330,200,3,"Medium Risk","2026-02-20 21:36:02"
1397,38,3,"Medium Risk","2026-02-05 08:36:02"
1410,102,3,"Medium Risk","2026-02-06 04:36:02"
1418,188,3,"Medium Risk","2026-02-22 13:36:02"
1441,87,6,"High Alert","2026-02-04 03:36:02"
1447,48,3,"Medium Risk","2026-02-18 22:36:02"
1455,158,3,"Medium Risk","2026-02-21 09:36:02"
1466,163,3,"Medium Risk","2026-02-06 17:36:02"
1501,120,3,"Medium Risk","2026-02-26 13:36:02"
1506,17,3,"Medium Risk","2026-02-25 06:36:02"
1514,80,6,"High Alert","2026-02-15 05:36:02"
1526,31,3,"Medium Risk","2026-02-06 22:36:02"
1528,61,3,"Medium Risk","2026-02-24 06:36:02"
1536,194,3,"Medium Risk","2026-03-01 07:36:02"
1556,167,3,"Medium Risk","2026-03-01 22:36:02"
1557,180,3,"Medium Risk","2026-02-14 13:36:02"
1558,192,3,"Medium Risk","2026-02-24 13:36:02"
1568,82,3,"Medium Risk","2026-02-23 13:36:03"
1587,197,3,"Medium Risk","2026-03-04 17:36:03"
1600,93,6,"High Alert","2026-02-09 13:36:03"
1602,111,3,"Medium Risk","2026-03-04 18:36:03"
1621,183,3,"Medium Risk","2026-02-23 11:36:03"
1636,136,3,"Medium Risk","2026-02-12 11:36:03"
1638,154,3,"Medium Risk","2026-02-27 20:36:03"
1673,106,3,"Medium Risk","2026-02-15 22:36:03"
1689,71,3,"Medium Risk","2026-02-13 07:36:03"
1706,62,6,"High Alert","2026-03-04 11:36:03"
1716,161,3,"Medium Risk","2026-02-05 04:36:03"
1722,18,3,"Medium Risk","2026-02-10 06:36:03"
1723,76,3,"Medium Risk","2026-02-24 03:36:03"
1747,100,3,"Medium Risk","2026-02-04 20:36:03"
1752,134,3,"Medium Risk","2026-03-03 15:36:03"
1761,138,3,"Medium Risk","2026-02-06 20:36:03"
1770,28,3,"Medium Risk","2026-02-17 17:36:03"
1787,199,3,"Medium Risk","2026-03-01 14:36:03"
1796,123,3,"Medium Risk","2026-02-25 13:36:03"
1810,109,3,"Medium Risk","2026-03-02 14:36:03"
1813,11,3,"Medium Risk","2026-02-22 21:36:03"
1819,131,3,"Medium Risk","2026-02-12 00:36:03"
1821,1,3,"Medium Risk","2026-02-09 07:36:03"
1823,115,3,"Medium Risk","2026-02-28 04:36:03"
1829,16,3,"Medium Risk","2026-03-02 18:36:03"
1852,174,3,"Medium Risk","2026-02-15 20:36:03"
1860,50,3,"Medium Risk","2026-02-10 15:36:03"
1862,121,3,"Medium Risk","2026-02-07 02:36:03"
1864,91,3,"Medium Risk","2026-03-04 11:36:03"
1897,121,3,"Medium Risk","2026-02-09 11:36:03"
1904,191,3,"Medium Risk","2026-02-13 22:36:03"
1909,60,6,"High Alert","2026-02-06 13:36:03"
1926,152,3,"Medium Risk","2026-02-09 02:36:03"
1930,82,6,"High Alert","2026-02-21 13:36:03"
1942,22,3,"Medium Risk","2026-02-18 15:36:03"
1954,140,3,"Medium Risk","2026-02-22 01:36:03"
1986,152,6,"High Alert","2026-02-05 18:36:04"
1989,142,3,"Medium Risk","2026-02-28 15:36:04"
1994,57,3,"Medium Risk","2026-02-05 04:36:04"
2002,108,3,"Medium Risk","2026-02-12 12:36:04"
2017,184,3,"Medium Risk","2026-02-21 08:36:04"
2031,15,3,"Medium Risk","2026-03-01 19:36:04"
2036,31,3,"Medium Risk","2026-02-05 07:36:04"
2039,99,3,"Medium Risk","2026-02-05 06:36:04"
2053,111,3,"Medium Risk","2026-02-11 20:36:04"
2066,122,3,"Medium Risk","2026-02-21 13:36:04"
2099,104,3,"Medium Risk","2026-02-25 20:36:04"
2109,68,3,"Medium Risk","2026-02-07 09:36:04"
2130,181,3,"Medium Risk","2026-02-09 03:36:04"
2138,55,3,"Medium Risk","2026-02-24 20:36:04"
2149,146,3,"Medium Risk","2026-02-05 01:36:04"
2157,45,3,"Medium Risk","2026-02-16 22:36:04"
2161,121,3,"Medium Risk","2026-02-21 08:36:04"
2172,163,3,"Medium Risk","2026-02-19 05:36:04"
2204,178,3,"Medium Risk","2026-02-28 00:36:04"
2250,40,3,"Medium Risk","2026-02-07 15:36:04"
2268,10,3,"Medium Risk","2026-02-21 09:36:04"
2277,2,3,"Medium Risk","2026-02-26 06:36:04"
2281,41,3,"Medium Risk","2026-02-25 09:36:04"
2287,160,3,"Medium Risk","2026-02-15 09:36:04"
2288,29,3,"Medium Risk","2026-02-04 10:36:04"
2298,107,3,"Medium Risk","2026-02-10 18:36:04"
2338,142,3,"Medium Risk","2026-02-17 10:36:04"
2340,177,3,"Medium Risk","2026-03-05 08:36:04"
2355,194,3,"Medium Risk","2026-02-15 06:36:04"
2387,155,3,"Medium Risk","2026-02-21 19:36:05"
2389,137,6,"High Alert","2026-03-04 11:36:05"
2398,48,3,"Medium Risk","2026-02-21 21:36:05"
2421,196,3,"Medium Risk","2026-02-19 08:36:05"
2433,7,3,"Medium Risk","2026-02-21 23:36:05"
2436,7,3,"Medium Risk","2026-02-27 08:36:05"
2452,90,3,"Medium Risk","2026-02-09 18:36:05"
2473,77,3,"Medium Risk","2026-02-11 23:36:05"
2494,45,3,"Medium Risk","2026-02-11 21:36:05"
2527,152,6,"High Alert","2026-02-08 09:36:05"
2530,96,3,"Medium Risk","2026-03-03 01:36:05"
2534,169,3,"Medium Risk","2026-02-07 14:36:05"
